"Date","Price","Open","High","Low","Vol.","Change %"
"Dec 31, 2020","32.72","32.05","32.98","32.03","5.31K","1.65%"
"Dec 30, 2020","32.19","33.14","33.41","32.01","10.51K","-2.51%"
"Dec 29, 2020","33.02","33.31","33.42","32.60","9.51K","-1.26%"
"Dec 28, 2020","33.44","32.50","33.50","32.33","8.05K","3.88%"
"Dec 24, 2020","32.19","31.97","32.40","31.79","3.41K","0.85%"
"Dec 23, 2020","31.92","31.00","31.98","31.00","8.54K","2.47%"
"Dec 22, 2020","31.15","30.65","31.37","30.43","11.71K","0.84%"
"Dec 21, 2020","30.89","30.80","30.97","29.71","22.09K","-0.68%"
"Dec 18, 2020","31.10","32.00","32.00","30.78","14.85K","-2.69%"
"Dec 17, 2020","31.96","31.90","32.40","31.49","24.61K","0.57%"
"Dec 16, 2020","31.78","32.41","32.50","31.42","24.03K","-1.24%"
"Dec 15, 2020","32.18","31.00","32.40","30.92","23.87K","3.77%"
"Dec 14, 2020","31.01","30.50","31.68","30.50","25.13K","0.91%"
"Dec 11, 2020","30.73","31.11","31.54","30.52","23.96K","-1.25%"
"Dec 10, 2020","31.12","30.06","31.22","29.79","24.75K","4.05%"
"Dec 09, 2020","29.91","29.87","30.37","29.74","21.67K","0.47%"
"Dec 08, 2020","29.77","29.74","30.20","29.68","15.84K","-0.17%"
"Dec 07, 2020","29.82","30.20","30.20","29.63","12.48K","-1.62%"
"Dec 04, 2020","30.31","29.16","30.52","29.10","18.83K","3.80%"
"Dec 03, 2020","29.20","29.75","29.85","29.09","11.22K","-1.85%"
"Dec 02, 2020","29.75","29.20","29.85","28.76","18.50K","2.34%"
"Dec 01, 2020","29.07","29.42","30.19","28.95","23.93K","-0.92%"
"Nov 30, 2020","29.34","28.55","29.60","28.28","13.03K","3.57%"
"Nov 27, 2020","28.33","28.35","28.86","28.08","7.20K","0.14%"
"Nov 26, 2020","28.29","27.77","28.50","27.52","11.23K","1.80%"
"Nov 25, 2020","27.79","28.00","28.29","27.70","13.52K","0.00%"
"Nov 24, 2020","27.79","27.31","27.85","27.03","9.03K","1.39%"
"Nov 23, 2020","27.41","27.59","27.65","27.25","11.05K","1.93%"
"Nov 20, 2020","26.89","26.49","27.16","26.42","9.01K","1.51%"
"Nov 19, 2020","26.49","27.27","27.27","26.46","6.37K","-3.07%"
"Nov 18, 2020","27.33","27.27","28.25","27.27","7.84K","2.09%"
"Nov 17, 2020","26.77","27.52","27.52","26.70","8.70K","-2.73%"
"Nov 16, 2020","27.52","26.80","27.54","26.70","6.93K","4.20%"
"Nov 13, 2020","26.41","25.80","26.65","25.71","3.61K","1.38%"
"Nov 12, 2020","26.05","26.15","26.33","25.72","6.15K","-0.80%"
"Nov 11, 2020","26.26","26.57","27.26","26.20","5.91K","-0.42%"
"Nov 10, 2020","26.37","26.60","26.76","26.28","3.60K","-1.20%"
"Nov 09, 2020","26.69","26.13","27.23","25.45","6.87K","4.42%"
"Nov 06, 2020","25.56","25.93","26.17","25.32","10.14K","-2.22%"
"Nov 05, 2020","26.14","25.27","26.30","25.05","5.21K","3.44%"
"Nov 04, 2020","25.27","24.47","25.37","24.00","3.84K","2.93%"
"Nov 03, 2020","24.55","23.77","24.81","23.77","6.89K","2.98%"
"Nov 02, 2020","23.84","23.81","23.95","22.98","5.40K","-0.17%"
"Oct 30, 2020","23.88","23.61","24.41","23.38","4.15K","0.17%"
"Oct 29, 2020","23.84","23.10","24.25","23.10","4.64K","2.71%"
"Oct 28, 2020","23.21","23.79","23.79","23.07","6.15K","-4.25%"
"Oct 27, 2020","24.24","23.99","24.46","23.60","3.93K","0.83%"
"Oct 26, 2020","24.04","25.33","25.33","23.92","3.46K","-6.35%"
"Oct 23, 2020","25.67","24.27","25.88","24.25","8.87K","5.33%"
"Oct 22, 2020","24.37","23.55","24.40","23.28","3.47K","2.57%"
"Oct 21, 2020","23.76","24.60","24.60","23.57","10.20K","-3.41%"
"Oct 20, 2020","24.60","24.94","24.95","24.40","8.07K","-2.26%"
"Oct 19, 2020","25.17","25.02","25.36","24.79","4.28K","0.40%"
"Oct 16, 2020","25.07","25.32","25.73","24.98","3.57K","-0.36%"
"Oct 15, 2020","25.16","25.88","25.88","24.84","7.97K","-3.01%"
"Oct 14, 2020","25.94","25.34","26.04","25.28","2.90K","2.09%"
"Oct 13, 2020","25.41","25.94","25.94","25.30","6.27K","-2.53%"
"Oct 12, 2020","26.07","25.68","26.10","25.40","3.80K","0.62%"
"Oct 09, 2020","25.91","26.57","26.60","25.74","2.35K","-2.37%"
"Oct 08, 2020","26.54","27.15","27.16","26.43","5.54K","-2.07%"
"Oct 07, 2020","27.10","26.81","27.94","26.81","4.09K","0.37%"
"Oct 06, 2020","27.00","27.18","27.26","26.68","3.87K","-0.55%"
"Oct 05, 2020","27.15","27.63","27.70","26.78","2.04K","-0.33%"
"Oct 02, 2020","27.24","26.55","27.63","26.18","2.34K","1.95%"
"Oct 01, 2020","26.72","27.34","27.34","26.48","4.65K","-1.55%"
"Sep 30, 2020","27.14","26.71","27.35","26.67","5.18K","0.52%"
"Sep 29, 2020","27.00","27.80","27.83","26.91","2.38K","-3.30%"
"Sep 28, 2020","27.92","26.47","27.98","26.15","4.89K","5.84%"
"Sep 25, 2020","26.38","27.10","27.10","26.23","4.35K","-2.33%"
"Sep 24, 2020","27.01","26.65","27.12","26.20","7.59K","1.05%"
"Sep 23, 2020","26.73","28.20","28.28","26.66","6.00K","-4.81%"
"Sep 22, 2020","28.08","26.72","28.25","26.00","8.18K","5.33%"
"Sep 21, 2020","26.66","28.06","28.07","26.38","5.42K","-5.70%"
"Sep 18, 2020","28.27","28.72","29.15","28.09","1.91K","-1.57%"
"Sep 17, 2020","28.72","30.08","30.08","28.67","4.38K","-5.15%"
"Sep 16, 2020","30.28","30.20","30.40","29.41","6.03K","0.60%"
"Sep 15, 2020","30.10","30.89","31.06","29.90","5.48K","-2.18%"
"Sep 14, 2020","30.77","29.10","30.80","28.85","5.43K","7.74%"
"Sep 11, 2020","28.56","28.78","28.80","27.82","2.42K","-0.59%"
"Sep 10, 2020","28.73","27.84","28.73","27.66","5.99K","4.40%"
"Sep 09, 2020","27.52","26.83","27.58","26.52","4.62K","1.44%"
"Sep 08, 2020","27.13","27.75","28.30","27.07","2.91K","-0.95%"
"Sep 07, 2020","27.39","27.76","27.96","27.01","3.25K","-1.12%"
"Sep 04, 2020","27.70","28.91","29.25","27.60","0.92K","-4.75%"
"Sep 03, 2020","29.08","28.40","29.44","28.40","3.60K","1.75%"
"Sep 02, 2020","28.58","28.28","28.89","28.00","4.73K","1.71%"
"Sep 01, 2020","28.10","29.13","29.26","28.08","5.74K","-3.17%"
"Aug 31, 2020","29.02","30.40","30.42","28.69","0.55K","-2.88%"
"Aug 28, 2020","29.88","29.29","30.22","29.15","2.44K","4.00%"
"Aug 27, 2020","28.73","28.90","29.41","28.43","4.77K","-0.83%"
"Aug 26, 2020","28.97","28.90","29.46","28.72","1.69K","0.03%"
"Aug 25, 2020","28.96","27.95","29.12","27.81","9.29K","4.10%"
"Aug 24, 2020","27.82","26.42","28.02","26.36","5.67K","7.08%"
"Aug 21, 2020","25.98","25.93","26.01","25.65","1.86K","-0.99%"
"Aug 20, 2020","26.24","26.58","26.58","26.00","5.52K","-1.24%"
"Aug 19, 2020","26.57","26.89","27.18","26.43","4.10K","-1.19%"
"Aug 18, 2020","26.89","26.67","27.14","26.40","1.80K","0.94%"
"Aug 17, 2020","26.64","25.98","26.72","25.41","3.51K","3.14%"
"Aug 14, 2020","25.83","25.79","25.86","25.32","2.73K","0.19%"
"Aug 13, 2020","25.78","26.26","26.60","25.65","4.79K","-2.05%"
"Aug 12, 2020","26.32","26.35","26.36","25.94","1.89K","-0.79%"
"Aug 11, 2020","26.53","27.21","27.52","26.49","0.66K","-1.92%"
"Aug 10, 2020","27.05","27.50","27.50","26.71","4.14K","1.05%"
"Aug 07, 2020","26.77","26.61","27.05","26.34","0.77K","0.11%"
"Aug 06, 2020","26.74","27.14","27.72","26.65","3.69K","-1.36%"
"Aug 05, 2020","27.11","27.03","27.25","26.88","1.28K","-0.22%"
"Aug 04, 2020","27.17","26.70","27.22","26.44","2.51K","2.61%"
"Aug 03, 2020","26.48","26.67","26.85","25.89","0.99K","-0.60%"
"Jul 31, 2020","26.64","26.23","27.06","26.19","2.59K","2.86%"
"Jul 30, 2020","25.90","26.40","26.40","25.50","1.39K","-2.45%"
"Jul 29, 2020","26.55","25.93","26.69","25.93","2.31K","1.69%"
"Jul 28, 2020","26.11","25.70","26.25","25.40","1.51K","2.88%"
"Jul 27, 2020","25.38","26.73","26.73","25.18","5.37K","-5.12%"
"Jul 24, 2020","26.75","27.25","27.25","26.55","1.55K","-3.46%"
"Jul 23, 2020","27.71","27.30","27.81","26.94","2.76K","2.59%"
"Jul 22, 2020","27.01","26.88","27.14","26.13","4.98K","0.07%"
"Jul 21, 2020","26.99","27.31","27.36","26.32","5.14K","1.54%"
"Jul 20, 2020","26.58","27.98","28.10","26.35","2.90K","-5.81%"
"Jul 17, 2020","28.22","27.35","28.10","27.06","5.40K","4.21%"
"Jul 16, 2020","27.08","29.25","29.60","26.84","13.67K","-7.29%"
"Jul 15, 2020","29.21","30.30","30.80","29.20","2.49K","-2.63%"
"Jul 14, 2020","30.00","29.13","30.19","29.13","2.44K","1.08%"
"Jul 13, 2020","29.68","29.42","31.10","29.38","5.12K","1.16%"
"Jul 10, 2020","29.34","28.75","29.42","28.10","4.01K","1.45%"
"Jul 09, 2020","28.92","29.62","29.94","28.66","1.93K","-2.40%"
"Jul 08, 2020","29.63","29.23","29.60","28.55","8.20K","-0.24%"
"Jul 07, 2020","29.70","29.96","30.17","29.43","6.06K","-1.03%"
"Jul 06, 2020","30.01","28.43","30.02","28.43","3.71K","6.38%"
"Jul 03, 2020","28.21","27.16","28.27","26.88","3.97K","1.99%"
"Jul 02, 2020","27.66","27.50","28.15","27.11","8.46K","-1.25%"
"Jul 01, 2020","28.01","27.10","28.36","27.05","7.09K","2.71%"
"Jun 30, 2020","27.27","26.93","27.52","26.38","4.70K","1.22%"
"Jun 29, 2020","26.94","24.88","27.04","24.80","5.89K","7.54%"
"Jun 26, 2020","25.05","25.59","25.74","25.00","4.43K","-1.76%"
"Jun 25, 2020","25.50","25.50","25.66","25.11","4.58K","-0.86%"
"Jun 24, 2020","25.72","25.37","26.00","25.07","4.04K","-0.04%"
"Jun 23, 2020","25.73","24.76","25.79","24.76","5.12K","3.50%"
"Jun 22, 2020","24.86","24.14","24.93","24.12","4.43K","1.51%"
"Jun 19, 2020","24.49","24.71","25.00","24.40","4.03K","-1.25%"
"Jun 18, 2020","24.80","23.08","24.79","23.08","5.67K","7.36%"
"Jun 17, 2020","23.10","23.27","23.47","22.71","4.87K","-0.13%"
"Jun 16, 2020","23.13","22.74","23.59","22.74","6.79K","2.75%"
"Jun 15, 2020","22.51","22.05","22.57","22.00","2.00K","0.72%"
"Jun 12, 2020","22.35","22.40","22.77","22.14","1.85K","-1.15%"
"Jun 11, 2020","22.61","23.04","23.04","22.48","2.42K","-2.75%"
"Jun 10, 2020","23.25","22.82","23.29","22.52","5.83K","1.88%"
"Jun 09, 2020","22.82","23.11","23.11","22.66","4.19K","-1.00%"
"Jun 08, 2020","23.05","23.51","23.51","22.95","3.02K","-2.29%"
"Jun 05, 2020","23.59","22.54","23.61","22.38","2.15K","4.57%"
"Jun 04, 2020","22.56","22.19","22.69","22.16","2.79K","0.58%"
"Jun 03, 2020","22.43","22.45","22.52","22.04","1.15K","0.04%"
"Jun 02, 2020","22.42","21.26","22.44","21.26","2.50K","5.11%"
"Jun 01, 2020","21.33","21.71","21.71","21.30","0.35K","-1.98%"
"May 29, 2020","21.76","21.90","22.20","21.68","0.93K","0.65%"
"May 28, 2020","21.62","21.60","21.68","21.26","4.39K","-0.37%"
"May 27, 2020","21.70","21.90","21.90","21.59","2.76K","-1.23%"
"May 26, 2020","21.97","21.94","22.52","21.76","3.19K","0.05%"
"May 25, 2020","21.96","21.99","22.04","21.62","0.81K","0.87%"
"May 22, 2020","21.77","21.33","21.77","20.95","1.21K","1.02%"
"May 21, 2020","21.55","21.66","21.98","21.50","0.97K","-0.37%"
"May 20, 2020","21.63","20.35","21.64","20.33","1.32K","6.39%"
"May 19, 2020","20.33","20.69","20.69","20.28","2.45K","-1.83%"
"May 18, 2020","20.71","19.78","20.71","19.75","1.91K","5.99%"
"May 15, 2020","19.54","19.65","19.65","19.35","3.19K","1.77%"
"May 14, 2020","19.20","18.86","19.23","18.78","1.83K","0.84%"
"May 13, 2020","19.04","18.86","19.17","18.74","3.80K","0.79%"
"May 12, 2020","18.89","19.30","19.47","18.84","5.49K","-2.83%"
"May 11, 2020","19.44","19.79","19.99","19.27","2.16K","-1.47%"
"May 08, 2020","19.73","20.04","20.16","19.53","1.54K","-0.90%"
"May 07, 2020","19.91","19.33","20.06","19.15","2.06K","2.73%"
"May 06, 2020","19.38","19.34","19.71","19.11","3.18K","-0.41%"
"May 05, 2020","19.46","19.97","20.08","19.28","2.35K","-1.32%"
"May 04, 2020","19.72","19.23","19.69","19.01","1.53K","1.96%"
"May 01, 2020","19.34","19.90","19.90","19.27","0.97K","-3.01%"
"Apr 30, 2020","19.94","20.75","20.79","19.67","2.91K","-3.06%"
"Apr 29, 2020","20.57","20.78","21.00","20.33","2.11K","-0.10%"
"Apr 28, 2020","20.59","20.41","21.05","20.34","3.76K","-0.34%"
"Apr 27, 2020","20.66","21.10","21.48","20.30","1.77K","-2.18%"
"Apr 24, 2020","21.12","21.21","21.65","20.82","3.18K","-1.35%"
"Apr 23, 2020","21.41","20.96","21.50","20.60","1.43K","1.76%"
"Apr 22, 2020","21.04","19.99","21.63","19.85","6.38K","4.00%"
"Apr 21, 2020","20.23","21.13","21.18","20.21","5.79K","-7.03%"
"Apr 20, 2020","21.76","21.50","22.03","21.21","2.86K","-1.45%"
"Apr 17, 2020","22.08","21.99","22.51","21.58","3.51K","3.61%"
"Apr 16, 2020","21.31","19.97","21.49","19.96","3.67K","8.50%"
"Apr 15, 2020","19.64","20.10","20.10","19.32","2.71K","-2.68%"
"Apr 14, 2020","20.18","21.51","21.55","20.05","3.81K","-5.96%"
"Apr 09, 2020","21.46","21.81","22.08","21.25","2.24K","-0.33%"
"Apr 08, 2020","21.53","20.65","21.62","20.43","4.02K","3.06%"
"Apr 07, 2020","20.89","21.02","22.07","20.80","5.57K","0.58%"
"Apr 06, 2020","20.77","18.77","20.85","18.71","8.30K","13.31%"
"Apr 03, 2020","18.33","18.16","18.81","18.15","2.40K","-0.49%"
"Apr 02, 2020","18.42","17.88","18.53","17.55","3.23K","5.68%"
"Apr 01, 2020","17.43","17.55","17.65","17.17","1.87K","-3.33%"
"Mar 31, 2020","18.03","17.67","18.39","17.67","3.50K","3.56%"
"Mar 30, 2020","17.41","16.55","17.59","16.50","4.78K","4.00%"
"Mar 27, 2020","16.74","17.54","17.54","16.65","5.21K","-5.42%"
"Mar 26, 2020","17.70","17.54","18.03","16.75","2.52K","-0.90%"
"Mar 25, 2020","17.86","17.27","17.97","16.38","3.14K","4.38%"
"Mar 24, 2020","17.11","16.53","17.56","16.11","3.42K","7.75%"
"Mar 23, 2020","15.88","16.05","16.05","14.71","8.82K","-3.41%"
"Mar 20, 2020","16.44","17.03","17.25","16.08","5.74K","-1.91%"
"Mar 19, 2020","16.76","16.50","17.03","15.70","10.78K","6.68%"
"Mar 18, 2020","15.71","17.88","17.89","15.45","14.34K","-15.94%"
"Mar 17, 2020","18.69","20.01","20.45","18.20","10.02K","-5.22%"
"Mar 16, 2020","19.72","21.97","21.97","19.41","7.30K","-10.93%"
"Mar 13, 2020","22.14","22.77","23.25","21.98","2.29K","-2.55%"
"Mar 12, 2020","22.72","24.00","24.00","22.69","4.26K","-5.73%"
"Mar 11, 2020","24.10","24.22","24.24","23.72","3.57K","-0.74%"
"Mar 10, 2020","24.28","23.68","24.33","23.54","2.26K","3.50%"
"Mar 09, 2020","23.46","23.35","23.48","22.54","2.98K","-0.59%"
"Mar 06, 2020","23.60","23.92","23.92","23.55","1.52K","-1.63%"
"Mar 05, 2020","23.99","24.07","24.37","23.75","1.11K","-0.12%"
"Mar 04, 2020","24.02","23.54","24.20","23.43","1.46K","2.00%"
"Mar 03, 2020","23.55","23.73","23.93","23.44","1.16K","-0.67%"
"Mar 02, 2020","23.71","24.17","24.40","23.49","0.72K","-0.38%"
"Feb 28, 2020","23.80","23.67","23.82","23.37","2.32K","0.08%"
"Feb 27, 2020","23.78","24.10","24.13","23.70","3.88K","-2.74%"
"Feb 26, 2020","24.45","24.24","24.58","23.89","1.62K","0.29%"
"Feb 25, 2020","24.38","24.93","24.93","24.37","1.84K","-1.57%"
"Feb 24, 2020","24.77","25.41","25.42","24.58","1.97K","-3.99%"
"Feb 21, 2020","25.80","25.77","25.79","25.37","4.14K","-0.12%"
"Feb 20, 2020","25.83","25.85","26.01","25.64","4.72K","-0.27%"
"Feb 19, 2020","25.90","25.59","25.96","25.22","0.36K","2.25%"
"Feb 18, 2020","25.33","25.22","25.47","24.95","1.21K","0.36%"
"Feb 17, 2020","25.24","24.43","25.23","24.27","0.47K","3.10%"
"Feb 14, 2020","24.48","24.66","24.82","24.37","2.52K","-0.45%"
"Feb 13, 2020","24.59","23.98","24.66","23.82","2.30K","2.16%"
"Feb 12, 2020","24.07","23.49","24.15","23.35","0.58K","2.43%"
"Feb 11, 2020","23.50","23.45","23.80","23.32","0.70K","0.69%"
"Feb 10, 2020","23.34","23.52","23.52","23.17","1.31K","-0.72%"
"Feb 07, 2020","23.51","23.61","23.78","23.42","1.52K","-0.97%"
"Feb 06, 2020","23.74","24.16","24.20","23.39","1.67K","-0.88%"
"Feb 05, 2020","23.95","23.53","24.06","23.30","1.13K","1.74%"
"Feb 04, 2020","23.54","23.40","23.62","23.10","1.34K","0.64%"
"Feb 03, 2020","23.39","24.01","24.01","23.19","1.49K","-2.78%"
"Jan 31, 2020","24.06","23.91","24.19","23.65","2.93K","0.63%"
"Jan 30, 2020","23.91","24.00","24.09","23.63","4.27K","-1.08%"
"Jan 29, 2020","24.17","24.71","24.75","24.09","1.66K","-2.62%"
"Jan 28, 2020","24.82","24.78","24.90","24.50","1.04K","0.20%"
"Jan 27, 2020","24.77","24.53","24.80","24.29","0.44K","0.81%"
"Jan 24, 2020","24.57","24.94","25.04","24.40","1.88K","-1.33%"
"Jan 23, 2020","24.90","25.20","25.21","24.56","3.64K","-1.27%"
"Jan 22, 2020","25.22","25.11","25.76","25.11","0.78K","0.36%"
"Jan 21, 2020","25.13","25.22","25.69","25.06","0.56K","-0.99%"
"Jan 20, 2020","25.38","25.45","26.07","25.25","1.03K","-1.09%"
"Jan 17, 2020","25.66","25.00","25.87","24.99","1.38K","2.39%"
"Jan 16, 2020","25.06","24.90","25.32","24.79","0.96K","1.33%"
"Jan 15, 2020","24.73","24.14","24.80","24.11","1.51K","2.78%"
"Jan 14, 2020","24.06","24.00","24.10","23.82","0.61K","-1.19%"
"Jan 13, 2020","24.35","24.38","24.65","24.16","0.43K","-0.29%"
"Jan 10, 2020","24.42","25.11","25.11","24.33","1.11K","-1.85%"
"Jan 09, 2020","24.88","24.20","25.01","24.15","1.15K","2.47%"
"Jan 08, 2020","24.28","24.65","24.81","24.26","0.59K","-1.90%"
"Jan 07, 2020","24.75","24.13","24.74","24.13","0.50K","1.31%"
"Jan 06, 2020","24.43","25.48","25.50","24.30","0.56K","-2.98%"
"Jan 03, 2020","25.18","24.95","25.15","24.74","0.30K","2.44%"
"Jan 02, 2020","24.58","24.90","24.98","24.44","0.54K","-1.13%"
"Dec 31, 2019","24.86","25.48","25.51","24.79","0.15K","-1.78%"
"Dec 30, 2019","25.31","26.80","26.80","25.54","0.33K","-6.02%"
"Dec 27, 2019","26.93","26.63","26.97","26.59","0.04K","2.40%"
"Dec 26, 2019","26.30","25.96","25.96","25.96","-","0.00%"
"Dec 24, 2019","26.30","26.38","26.54","25.99","0.25K","-1.72%"
"Dec 23, 2019","26.76","27.08","27.34","26.71","1.35K","-0.48%"
"Dec 20, 2019","26.89","26.88","26.91","26.22","0.70K","-0.63%"
"Dec 19, 2019","27.06","26.96","27.15","26.69","0.92K","0.93%"
"Dec 18, 2019","26.81","26.18","26.87","26.18","1.60K","1.98%"
"Dec 17, 2019","26.29","25.43","26.52","25.27","1.29K","4.33%"
"Dec 16, 2019","25.20","24.02","25.22","24.02","0.72K","3.36%"
"Dec 13, 2019","24.38","25.69","26.21","24.40","1.13K","-4.24%"
"Dec 12, 2019","25.46","24.84","25.58","24.55","2.12K","2.41%"
"Dec 11, 2019","24.86","25.40","25.49","24.95","2.77K","-1.89%"
"Dec 10, 2019","25.34","25.50","25.56","25.33","3.93K","-0.74%"
"Dec 09, 2019","25.53","25.03","25.70","24.83","1.17K","0.75%"
"Dec 06, 2019","25.34","25.05","25.43","25.01","2.60K","1.00%"
"Dec 05, 2019","25.09","24.90","25.15","24.68","0.49K","-0.20%"
"Dec 04, 2019","25.14","24.24","25.10","24.24","1.79K","3.03%"
"Dec 03, 2019","24.40","24.64","24.95","24.36","0.79K","-1.29%"
"Dec 02, 2019","24.72","25.52","25.52","24.61","0.27K","-3.48%"
"Nov 29, 2019","25.61","25.45","25.55","25.19","2.23K","0.83%"
"Nov 28, 2019","25.40","25.43","25.60","25.34","0.35K","-0.43%"
"Nov 27, 2019","25.51","24.87","25.41","24.80","1.63K","2.95%"
"Nov 26, 2019","24.78","24.63","24.84","24.55","1.40K","-0.20%"
"Nov 25, 2019","24.83","25.27","25.27","24.70","0.42K","-0.56%"
"Nov 22, 2019","24.97","24.40","25.00","24.40","4.12K","2.67%"
"Nov 21, 2019","24.32","24.40","24.50","24.30","1.49K","-0.37%"
"Nov 20, 2019","24.41","23.76","24.43","23.63","0.87K","2.43%"
"Nov 19, 2019","23.83","23.65","24.22","23.65","1.63K","0.17%"
"Nov 18, 2019","23.79","24.04","24.04","23.76","2.94K","-1.82%"
"Nov 15, 2019","24.23","24.30","24.30","23.81","2.17K","-0.41%"
"Nov 14, 2019","24.33","24.88","24.88","23.96","0.40K","-1.74%"
"Nov 13, 2019","24.76","24.43","24.81","24.35","0.70K","1.10%"
"Nov 12, 2019","24.49","25.56","25.56","24.23","0.71K","-3.24%"
"Nov 11, 2019","25.31","25.69","25.70","25.31","1.26K","0.32%"
"Nov 08, 2019","25.23","25.20","25.42","24.96","1.17K","-0.39%"
"Nov 07, 2019","25.33","25.40","25.68","25.27","0.30K","0.56%"
"Nov 06, 2019","25.19","25.59","25.76","25.29","0.39K","-2.78%"
"Nov 05, 2019","25.91","26.33","26.33","25.84","0.62K","-0.46%"
"Nov 04, 2019","26.03","25.45","25.69","25.34","0.47K","1.28%"
"Nov 01, 2019","25.70","26.32","26.34","25.50","1.17K","-1.27%"
"Oct 31, 2019","26.03","26.60","26.60","26.10","5.41K","-1.51%"
"Oct 30, 2019","26.43","25.99","26.43","25.99","3.45K","2.01%"
"Oct 29, 2019","25.91","25.80","26.25","25.70","6.80K","1.25%"
"Oct 28, 2019","25.59","25.30","25.55","25.18","0.71K","0.51%"
"Oct 25, 2019","25.46","25.70","25.71","25.40","2.08K","-1.85%"
"Oct 24, 2019","25.94","24.95","25.99","24.95","0.84K","2.73%"
"Oct 23, 2019","25.25","25.69","25.80","25.55","0.49K","-3.52%"
"Oct 22, 2019","26.17","26.35","26.37","26.14","1.97K","-1.10%"
"Oct 21, 2019","26.46","26.75","26.79","26.47","0.48K","0.11%"
"Oct 18, 2019","26.43","26.61","26.61","26.03","1.24K","-0.71%"
"Oct 17, 2019","26.62","26.42","26.97","26.20","2.74K","-0.89%"
"Oct 16, 2019","26.86","25.97","26.85","25.85","1.23K","2.25%"
"Oct 15, 2019","26.27","25.00","25.30","24.94","0.87K","6.40%"
"Oct 14, 2019","24.69","24.58","24.58","24.15","0.81K","-1.16%"
"Oct 11, 2019","24.98","24.36","24.71","24.33","0.74K","4.96%"
"Oct 10, 2019","23.80","23.20","23.49","23.09","2.16K","2.54%"
"Oct 09, 2019","23.21","22.76","23.28","22.63","1.27K","0.39%"
"Oct 08, 2019","23.12","24.02","24.08","23.18","0.65K","-3.59%"
"Oct 07, 2019","23.98","23.46","24.03","23.38","0.41K","1.91%"
"Oct 04, 2019","23.53","23.98","24.19","23.49","0.72K","-1.13%"
"Oct 03, 2019","23.80","24.77","24.78","23.71","1.19K","-4.03%"
"Oct 02, 2019","24.80","25.49","25.49","24.77","1.11K","-3.31%"
"Oct 01, 2019","25.65","25.02","25.72","25.02","0.87K","1.14%"
"Sep 30, 2019","25.36","26.02","26.02","25.38","1.06K","-2.24%"
"Sep 27, 2019","25.94","26.04","26.22","25.58","1.44K","-1.33%"
"Sep 26, 2019","26.29","26.22","26.22","25.83","1.27K","1.66%"
"Sep 25, 2019","25.86","25.98","26.03","25.75","0.78K","-1.18%"
"Sep 24, 2019","26.17","26.26","26.51","26.21","0.29K","-0.98%"
"Sep 23, 2019","26.43","27.20","27.28","26.39","0.18K","-2.76%"
"Sep 20, 2019","27.18","26.90","27.10","26.90","0.18K","2.26%"
"Sep 19, 2019","26.58","26.10","26.50","25.93","0.71K","1.96%"
"Sep 18, 2019","26.07","26.22","26.35","25.89","0.61K","-2.91%"
"Sep 17, 2019","26.85","27.70","27.76","26.67","1.31K","-3.00%"
"Sep 16, 2019","27.68","27.55","27.76","27.24","1.28K","2.52%"
"Sep 13, 2019","27.00","27.25","27.34","26.84","1.36K","-0.15%"
"Sep 12, 2019","27.04","27.37","27.51","26.89","2.13K","0.60%"
"Sep 11, 2019","26.88","27.29","27.95","26.79","1.95K","-1.57%"
"Sep 10, 2019","27.31","25.55","27.43","25.54","1.45K","6.68%"
"Sep 09, 2019","25.60","25.77","25.98","25.57","1.07K","-0.27%"
"Sep 06, 2019","25.67","26.12","26.12","25.51","0.91K","-1.69%"
"Sep 05, 2019","26.11","26.36","26.36","25.99","1.61K","0.04%"
"Sep 04, 2019","26.10","26.42","26.56","26.08","2.05K","1.05%"
"Sep 03, 2019","25.83","25.70","25.92","25.39","1.55K","0.12%"
"Sep 02, 2019","25.80","26.65","26.66","25.54","0.53K","-4.27%"
"Aug 30, 2019","26.95","27.35","27.52","26.83","0.83K","-0.63%"
"Aug 29, 2019","27.12","26.74","27.17","26.45","0.19K","1.73%"
"Aug 28, 2019","26.66","26.27","26.88","26.27","0.91K","2.22%"
"Aug 27, 2019","26.08","26.31","26.31","25.93","3.29K","-1.66%"
"Aug 26, 2019","26.52","26.03","26.49","26.03","0.52K","2.83%"
"Aug 23, 2019","25.79","26.22","26.29","25.48","0.87K","-2.16%"
"Aug 22, 2019","26.36","26.70","27.05","26.30","0.50K","-1.35%"
"Aug 21, 2019","26.72","26.80","27.38","26.80","1.56K","-0.93%"
"Aug 20, 2019","26.97","27.31","27.72","26.90","1.71K","-1.14%"
"Aug 19, 2019","27.28","26.82","27.46","26.67","0.77K","2.29%"
"Aug 16, 2019","26.67","26.81","27.20","26.70","2.23K","-0.19%"
"Aug 15, 2019","26.72","27.92","27.92","26.67","1.34K","-3.36%"
"Aug 14, 2019","27.65","27.67","28.19","27.15","0.96K","-0.65%"
"Aug 13, 2019","27.83","27.46","27.79","26.95","0.75K","1.46%"
"Aug 12, 2019","27.43","28.77","28.88","27.50","1.11K","-4.99%"
"Aug 09, 2019","28.87","29.39","29.39","28.78","1.31K","-1.40%"
"Aug 08, 2019","29.28","29.30","29.40","28.81","1.13K","0.83%"
"Aug 07, 2019","29.04","29.13","29.63","28.60","0.28K","-0.51%"
"Aug 06, 2019","29.19","29.26","29.76","29.14","0.63K","-1.08%"
"Aug 05, 2019","29.51","29.73","29.73","29.40","0.51K","-1.89%"
"Aug 02, 2019","30.08","30.19","30.30","29.86","2.25K","-0.69%"
"Aug 01, 2019","30.29","28.92","30.31","28.92","0.64K","5.03%"
"Jul 31, 2019","28.84","29.19","29.19","28.60","1.44K","0.28%"
"Jul 30, 2019","28.76","29.20","29.30","28.79","1.33K","-1.84%"
"Jul 29, 2019","29.30","29.45","30.02","29.45","3.06K","0.34%"
"Jul 26, 2019","29.20","29.98","30.00","29.12","0.42K","-2.47%"
"Jul 25, 2019","29.94","30.12","30.63","29.98","2.27K","-0.63%"
"Jul 24, 2019","30.13","30.75","30.75","30.24","1.12K","-2.05%"
"Jul 23, 2019","30.76","29.95","30.70","29.75","0.40K","2.70%"
"Jul 22, 2019","29.95","30.01","30.15","29.55","0.51K","0.34%"
"Jul 19, 2019","29.85","28.70","29.61","28.70","0.70K","3.97%"
"Jul 18, 2019","28.71","29.45","29.45","29.00","0.48K","-2.41%"
"Jul 17, 2019","29.42","29.49","29.69","29.14","1.68K","0.00%"
"Jul 16, 2019","29.42","30.18","30.37","29.49","1.49K","-1.90%"
"Jul 15, 2019","29.99","29.98","30.45","29.81","1.60K","0.94%"
"Jul 12, 2019","29.71","29.08","29.75","29.08","0.94K","1.78%"
"Jul 11, 2019","29.19","29.40","29.51","28.94","2.35K","0.21%"
"Jul 10, 2019","29.13","27.45","28.60","27.44","2.29K","6.24%"
"Jul 09, 2019","27.42","27.57","27.84","27.50","1.04K","-0.90%"
"Jul 08, 2019","27.67","27.45","27.75","27.45","0.80K","1.69%"
"Jul 05, 2019","27.21","26.80","27.14","26.60","0.56K","1.38%"
"Jul 04, 2019","26.84","27.40","27.43","26.82","0.37K","-1.79%"
"Jul 03, 2019","27.33","27.50","27.60","27.15","0.67K","-0.73%"
"Jul 02, 2019","27.53","27.91","28.10","27.56","0.37K","-0.69%"
"Jul 01, 2019","27.72","27.61","27.95","27.60","0.39K","2.48%"
"Jun 28, 2019","27.05","27.33","27.45","27.14","0.98K","-2.35%"
"Jun 27, 2019","27.70","28.20","28.20","27.80","4.02K","-1.77%"
"Jun 26, 2019","28.20","27.48","28.20","27.39","4.01K","3.64%"
"Jun 25, 2019","27.21","27.58","27.58","27.02","4.31K","0.29%"
"Jun 24, 2019","27.13","26.29","27.14","26.29","2.48K","4.23%"
"Jun 21, 2019","26.03","25.70","25.90","25.70","0.17K","0.85%"
"Jun 20, 2019","25.81","25.70","25.70","25.62","0.09K","0.55%"
"Jun 19, 2019","25.67","26.00","26.00","25.64","1.30K","-0.58%"
"Jun 18, 2019","25.82","25.59","26.02","25.59","0.52K","0.39%"
"Jun 17, 2019","25.72","25.69","25.83","25.64","0.44K","-0.04%"
"Jun 14, 2019","25.73","25.55","25.63","25.50","0.72K","0.39%"
"Jun 13, 2019","25.63","25.65","25.73","25.62","0.21K","0.59%"
"Jun 12, 2019","25.48","25.40","25.49","25.30","0.75K","-0.74%"
"Jun 11, 2019","25.67","25.95","26.04","25.60","6.14K","-0.96%"
"Jun 10, 2019","25.92","25.50","25.95","25.50","0.04K","2.78%"
"Jun 07, 2019","25.22","25.06","25.24","24.94","0.63K","2.31%"
"Jun 06, 2019","24.65","24.73","24.86","24.51","3.51K","-0.84%"
"Jun 05, 2019","24.86","25.10","25.27","24.95","0.97K","-1.19%"
"Jun 04, 2019","25.16","24.39","24.81","24.39","2.49K","3.41%"
"Jun 03, 2019","24.33","24.80","24.83","24.35","0.38K","-2.76%"
"May 31, 2019","25.02","25.06","25.32","24.95","0.17K","-3.29%"
"May 30, 2019","25.87","26.16","26.16","25.81","0.10K","-0.88%"
"May 29, 2019","26.10","25.91","26.44","25.89","0.30K","0.19%"
"May 28, 2019","26.05","26.10","26.20","25.69","1.27K","-0.38%"
"May 27, 2019","26.15","25.67","26.19","25.58","0.11K","0.46%"
"May 24, 2019","26.03","26.50","26.50","25.95","0.20K","-2.22%"
"May 23, 2019","26.62","26.76","26.76","26.21","2.08K","-1.15%"
"May 22, 2019","26.93","26.02","26.56","26.00","0.06K","3.82%"
"May 21, 2019","25.94","25.60","25.85","25.55","0.30K","0.74%"
"May 20, 2019","25.75","25.60","25.70","25.37","0.05K","0.82%"
"May 17, 2019","25.54","25.95","25.95","25.41","0.20K","-2.26%"
"May 16, 2019","26.13","26.38","26.38","26.21","0.12K","-1.51%"
"May 15, 2019","26.53","26.49","26.49","25.85","0.44K","0.34%"
"May 14, 2019","26.44","25.56","26.32","25.50","0.08K","3.28%"
"May 13, 2019","25.60","26.11","26.75","26.11","0.62K","-2.25%"
"May 10, 2019","26.19","27.11","27.11","26.30","0.16K","-3.43%"
"May 09, 2019","27.12","27.36","27.42","27.23","0.09K","-1.53%"
"May 08, 2019","27.54","26.85","27.41","26.64","0.15K","1.89%"
"May 07, 2019","27.03","26.35","26.91","26.30","0.22K","4.04%"
"May 06, 2019","25.98","24.79","25.50","24.50","-","0.58%"
"May 03, 2019","25.83","25.20","25.65","25.02","0.55K","1.97%"
"May 02, 2019","25.33","26.00","26.06","25.30","0.48K","-4.13%"
"May 01, 2019","26.42","26.40","26.47","26.37","0.37K","-1.97%"
"Apr 30, 2019","26.95","26.61","27.00","26.60","0.07K","-0.41%"
"Apr 29, 2019","27.06","26.95","26.95","26.95","0.03K","1.84%"
"Apr 26, 2019","26.57","27.59","27.59","26.48","0.43K","-5.17%"
"Apr 25, 2019","28.02","27.85","27.90","27.65","1.12K","-0.43%"
"Apr 24, 2019","28.14","28.00","28.16","27.62","0.83K","-0.53%"
"Apr 23, 2019","28.29","28.20","28.30","28.20","1.06K","2.39%"
"Apr 18, 2019","27.63","28.10","28.10","27.58","0.72K","-2.06%"
"Apr 17, 2019","28.21","27.95","28.49","27.95","0.22K","1.66%"
"Apr 16, 2019","27.75","27.54","27.70","27.54","1.42K","0.73%"
"Apr 15, 2019","27.55","27.84","27.84","27.58","0.11K","0.84%"
"Apr 12, 2019","27.32","28.00","28.00","27.58","0.41K","-2.74%"
"Apr 11, 2019","28.09","26.87","27.89","26.69","0.79K","4.46%"
"Apr 10, 2019","26.89","27.04","27.47","26.60","0.60K","2.28%"
"Apr 09, 2019","26.29","25.87","26.15","25.78","1.40K","4.95%"
"Apr 08, 2019","25.05","25.28","25.28","24.87","0.18K","-1.22%"
"Apr 05, 2019","25.36","25.08","25.08","25.02","0.21K","0.67%"
"Apr 04, 2019","25.19","24.48","25.14","24.48","0.73K","5.27%"
"Apr 03, 2019","23.93","23.47","23.70","23.31","0.92K","5.23%"
"Apr 02, 2019","22.74","22.50","22.88","22.30","0.67K","0.35%"
"Apr 01, 2019","22.66","22.00","22.41","21.80","0.20K","1.61%"
"Mar 29, 2019","22.30","23.04","23.04","22.13","0.20K","-3.17%"
"Mar 28, 2019","23.03","22.53","23.18","22.39","0.51K","1.81%"
"Mar 27, 2019","22.62","22.47","22.81","22.40","1.36K","1.34%"
"Mar 26, 2019","22.32","22.05","22.26","21.85","0.21K","2.86%"
"Mar 25, 2019","21.70","21.54","21.80","21.54","0.18K","1.12%"
"Mar 22, 2019","21.46","21.68","21.82","21.38","1.17K","-1.33%"
"Mar 21, 2019","21.75","22.26","22.45","21.80","0.51K","-3.20%"
"Mar 20, 2019","22.47","21.70","22.58","21.70","1.19K","2.37%"
"Mar 19, 2019","21.95","22.40","22.50","22.00","0.06K","-3.13%"
"Mar 18, 2019","22.66","22.71","22.77","22.02","0.93K","-2.87%"
"Mar 15, 2019","23.33","23.79","23.88","23.24","0.46K","-1.19%"
"Mar 14, 2019","23.61","23.35","23.51","23.12","0.17K","2.08%"
"Mar 13, 2019","23.13","22.90","23.34","22.89","2.85K","-0.34%"
"Mar 12, 2019","23.21","23.67","23.67","23.20","3.67K","0.04%"
"Mar 11, 2019","23.20","23.59","23.59","23.10","0.20K","-3.09%"
"Mar 08, 2019","23.94","24.40","24.40","23.75","0.12K","-0.99%"
"Mar 07, 2019","24.18","22.90","23.70","22.90","0.11K","5.04%"
"Mar 06, 2019","23.02","23.72","23.81","23.05","0.34K","-3.32%"
"Mar 05, 2019","23.81","24.28","24.28","23.61","0.44K","-0.75%"
"Mar 04, 2019","23.99","22.85","24.12","22.85","0.29K","3.76%"
"Mar 01, 2019","23.12","22.26","22.80","22.26","0.15K","2.66%"
"Feb 28, 2019","22.52","22.13","22.82","21.80","0.36K","1.95%"
"Feb 27, 2019","22.09","21.45","22.12","21.45","0.19K","7.91%"
"Feb 26, 2019","20.47","20.30","20.68","20.28","1.31K","2.09%"
"Feb 25, 2019","20.05","19.95","20.16","19.86","4.78K","1.37%"
"Feb 22, 2019","19.78","19.57","19.88","19.45","4.73K","0.46%"
"Feb 21, 2019","19.69","21.15","21.18","19.70","0.66K","-8.03%"
"Feb 20, 2019","21.41","21.30","21.40","21.09","0.20K","1.09%"
"Feb 19, 2019","21.18","21.18","21.18","21.18","0.00K","1.00%"
"Feb 18, 2019","20.97","21.08","21.08","20.86","0.63K","-1.96%"
"Feb 15, 2019","21.39","21.10","21.50","21.10","0.13K","3.18%"
"Feb 14, 2019","20.73","21.93","21.98","20.75","0.06K","-5.21%"
"Feb 13, 2019","21.87","21.24","21.95","20.80","1.23K","1.06%"
"Feb 12, 2019","21.64","23.35","23.35","21.62","0.99K","-7.24%"
"Feb 11, 2019","23.33","22.95","23.35","22.62","2.31K","0.09%"
"Feb 08, 2019","23.31","24.42","24.46","23.20","0.42K","-4.55%"
"Feb 07, 2019","24.42","24.51","24.60","24.22","0.72K","-0.89%"
"Feb 06, 2019","24.64","24.18","24.97","24.18","9.42K","2.16%"
"Feb 05, 2019","24.12","24.43","24.43","23.91","1.84K","0.50%"
"Feb 04, 2019","24.00","22.61","23.41","22.39","0.77K","4.71%"
"Feb 01, 2019","22.92","22.65","23.20","22.65","0.14K","-1.50%"
"Jan 31, 2019","23.27","23.85","23.85","23.20","0.55K","-3.36%"
"Jan 30, 2019","24.08","24.25","24.28","23.85","0.85K","-1.47%"
"Jan 29, 2019","24.44","23.44","24.35","23.44","0.60K","2.52%"
"Jan 28, 2019","23.84","24.87","24.87","23.92","0.17K","-4.68%"
"Jan 25, 2019","25.01","24.70","24.93","24.58","0.05K","-0.64%"
"Jan 24, 2019","25.17","25.67","25.67","25.16","0.17K","-2.37%"
"Jan 23, 2019","25.78","26.23","26.28","25.76","0.10K","-1.79%"
"Jan 22, 2019","26.25","25.70","26.36","25.70","0.09K","2.78%"
"Jan 21, 2019","25.54","25.60","25.60","25.10","0.03K","-1.58%"
"Jan 18, 2019","25.95","24.62","24.65","24.62","0.11K","4.98%"
"Jan 17, 2019","24.72","24.60","24.98","24.60","0.83K","0.94%"
"Jan 16, 2019","24.49","24.05","24.50","24.05","0.33K","3.38%"
"Jan 15, 2019","23.69","23.77","23.77","23.59","0.29K","0.25%"
"Jan 14, 2019","23.63","23.29","23.62","23.29","2.17K","-0.76%"
"Jan 11, 2019","23.81","23.59","23.94","23.50","0.21K","2.54%"
"Jan 10, 2019","23.22","23.00","23.22","22.75","1.53K","0.26%"
"Jan 09, 2019","23.16","24.16","24.16","23.16","2.36K","-3.50%"
"Jan 08, 2019","24.00","23.85","24.00","23.85","1.40K","2.39%"
"Jan 07, 2019","23.44","24.51","24.51","23.43","3.21K","-5.86%"
"Jan 04, 2019","24.90","24.97","24.99","24.50","0.01K","1.55%"
"Jan 03, 2019","24.52","26.30","26.31","24.53","0.14K","-7.72%"
"Jan 02, 2019","26.57","26.60","26.60","26.60","0.06K","1.03%"
"Dec 31, 2018","26.30","26.60","26.60","26.60","0.01K","0.15%"
"Dec 28, 2018","26.26","26.30","26.30","26.30","0.02K","-0.23%"
"Dec 27, 2018","26.32","26.18","26.18","26.18","0.00K","-0.68%"
"Dec 24, 2018","26.50","26.54","26.69","26.54","0.14K","1.07%"
"Dec 21, 2018","26.22","25.65","25.75","25.65","0.05K","1.71%"
"Dec 20, 2018","25.78","25.67","25.69","25.67","0.11K","-0.46%"
"Dec 19, 2018","25.90","26.30","26.30","25.73","0.99K","0.94%"
"Dec 18, 2018","25.66","25.13","25.73","25.13","1.53K","-1.04%"
"Dec 17, 2018","25.93","25.75","25.75","25.75","1.76K","3.64%"
"Dec 14, 2018","25.02","25.40","25.40","25.40","0.06K","4.51%"
"Dec 13, 2018","23.94","23.71","23.76","23.68","0.14K","3.64%"
"Dec 12, 2018","23.10","21.65","21.92","21.60","1.69K","6.06%"
"Dec 11, 2018","21.78","22.72","22.72","21.59","0.21K","-3.11%"
"Dec 10, 2018","22.48","21.55","22.09","21.55","0.17K","2.65%"
"Dec 07, 2018","21.90","21.95","22.03","21.46","0.07K","1.34%"
"Dec 06, 2018","21.61","21.00","21.62","19.80","0.30K","1.55%"
"Dec 05, 2018","21.28","22.13","22.13","21.16","1.51K","-4.79%"
"Dec 04, 2018","22.35","21.85","22.28","21.85","0.30K","0.59%"
"Dec 03, 2018","22.22","22.23","22.28","22.23","0.37K","0.68%"
"Nov 30, 2018","22.07","21.95","22.12","21.73","0.12K","2.18%"
"Nov 29, 2018","21.60","21.11","21.43","21.11","1.06K","3.25%"
"Nov 28, 2018","20.92","21.26","21.26","20.85","0.03K","-1.51%"
"Nov 27, 2018","21.24","21.22","21.50","21.21","0.04K","-0.93%"
"Nov 26, 2018","21.44","21.51","21.51","20.75","1.94K","-1.74%"
"Nov 23, 2018","21.82","22.95","22.95","22.78","0.05K","-3.28%"
"Nov 22, 2018","22.56","22.41","22.50","22.41","0.10K","1.94%"
"Nov 21, 2018","22.13","21.49","22.02","21.47","0.86K","5.23%"
"Nov 20, 2018","21.03","21.00","21.10","21.00","0.01K","2.74%"
"Nov 19, 2018","20.47","20.45","20.45","20.26","0.25K","-1.11%"
"Nov 16, 2018","20.70","21.17","21.32","21.05","0.29K","0.49%"
"Nov 15, 2018","20.60","20.20","20.58","20.00","0.19K","-3.20%"
"Nov 14, 2018","21.28","21.38","21.49","21.14","0.41K","-1.85%"
"Nov 13, 2018","21.68","21.64","21.96","21.30","0.34K","-1.77%"
"Nov 12, 2018","22.07","21.70","22.05","21.65","0.55K","5.25%"
"Nov 09, 2018","20.97","21.05","21.05","20.80","0.35K","-0.47%"
"Nov 08, 2018","21.07","20.85","21.23","20.75","1.43K","4.88%"
"Nov 07, 2018","20.09","19.42","19.99","19.42","0.25K","5.68%"
"Nov 06, 2018","19.01","18.71","19.00","18.71","1.53K","2.20%"
"Nov 05, 2018","18.60","17.97","17.97","17.97","1.74K","0.87%"
"Nov 02, 2018","18.44","17.50","18.50","17.35","0.30K","8.85%"
"Nov 01, 2018","16.94","17.10","17.10","16.50","0.03K","-4.78%"
"Oct 31, 2018","17.79","17.50","17.73","17.24","1.19K","2.42%"
"Oct 30, 2018","17.37","18.28","18.28","16.73","1.75K","-4.09%"
"Oct 29, 2018","18.11","19.74","19.78","18.41","0.51K","-8.49%"
"Oct 26, 2018","19.79","20.65","20.66","19.87","0.19K","-4.07%"
"Oct 25, 2018","20.63","20.60","20.69","20.60","0.04K","-2.73%"
"Oct 24, 2018","21.21","20.95","21.29","20.95","0.19K","1.24%"
"Oct 23, 2018","20.95","20.84","21.00","20.84","0.51K","0.14%"
"Oct 22, 2018","20.92","21.10","21.31","21.08","0.52K","-3.33%"
"Oct 19, 2018","21.64","21.92","21.92","21.75","0.46K","-0.18%"
"Oct 18, 2018","21.68","20.85","21.70","20.20","1.41K","2.60%"
"Oct 17, 2018","21.13","20.95","21.47","20.94","0.25K","-0.98%"
"Oct 16, 2018","21.34","20.52","21.44","20.05","3.99K","2.74%"
"Oct 15, 2018","20.77","22.90","23.20","21.51","2.74K","-9.81%"
"Oct 12, 2018","23.03","22.75","23.01","22.75","0.17K","2.45%"
"Oct 11, 2018","22.48","22.00","22.05","21.47","0.23K","0.81%"
"Oct 10, 2018","22.30","23.10","23.42","22.53","0.34K","-7.04%"
"Oct 09, 2018","23.99","24.98","24.98","24.38","0.23K","-4.57%"
"Oct 08, 2018","25.14","25.04","25.45","25.02","0.57K","0.68%"
"Oct 05, 2018","24.97","24.34","24.35","24.30","0.10K","3.78%"
"Oct 04, 2018","24.06","23.84","24.20","23.80","0.70K","0.92%"
"Oct 03, 2018","23.84","20.91","21.26","20.42","31.02K","0.85%"
"Oct 02, 2018","23.64","24.15","24.27","24.15","0.11K","-1.13%"
"Oct 01, 2018","23.91","23.31","23.50","23.31","0.00K","1.18%"
"Sep 28, 2018","23.63","23.50","23.64","23.50","0.01K","2.56%"
"Sep 27, 2018","23.04","22.42","22.42","22.42","0.01K","2.58%"
"Sep 26, 2018","22.46","22.38","22.62","22.38","0.45K","-3.93%"
"Sep 25, 2018","23.38","24.20","24.20","23.06","0.41K","-4.18%"
"Sep 24, 2018","24.40","24.34","24.45","24.25","0.21K","1.62%"
"Sep 21, 2018","24.01","23.66","23.66","23.66","0.06K","0.67%"
"Sep 20, 2018","23.85","24.05","24.05","24.05","0.00K","2.71%"
"Sep 19, 2018","23.22","21.68","21.68","21.68","0.02K","5.74%"
"Sep 18, 2018","21.96","21.94","21.94","21.94","0.18K","-2.70%"
"Sep 17, 2018","22.57","21.82","22.10","21.82","0.56K","4.83%"
"Sep 14, 2018","21.53","20.00","22.00","20.00","0.01K","5.54%"
"Sep 13, 2018","20.40","23.76","23.76","20.63","0.61K","-16.63%"
"Sep 12, 2018","24.47","25.30","25.77","24.64","0.64K","-4.82%"
"Sep 11, 2018","25.71","26.75","26.75","25.68","0.56K","-3.67%"
"Sep 10, 2018","26.69","26.50","26.70","26.50","0.28K","8.45%"
"Sep 07, 2018","24.61","23.59","24.66","23.59","0.25K","7.70%"
"Sep 06, 2018","22.85","22.14","22.80","22.10","0.16K","5.11%"
"Sep 05, 2018","21.74","21.28","21.83","21.28","0.15K","0.88%"
"Sep 04, 2018","21.55","21.95","21.95","21.51","0.04K","-0.19%"
"Sep 03, 2018","21.59","22.05","22.05","21.52","0.07K","-4.13%"
"Aug 31, 2018","22.52","22.58","22.80","22.45","0.20K","-0.49%"
"Aug 30, 2018","22.63","22.66","22.98","22.61","0.53K","0.31%"
"Aug 29, 2018","22.56","20.96","21.00","20.96","0.52K","1.48%"
"Aug 28, 2018","22.23","21.37","21.40","21.37","0.04K","-2.59%"
"Aug 27, 2018","22.82","22.50","22.66","22.50","0.08K","2.89%"
"Aug 24, 2018","22.18","21.95","21.95","21.67","0.68K","1.65%"
"Aug 23, 2018","21.82","21.82","22.06","21.76","0.40K","3.02%"
"Aug 22, 2018","21.18","21.14","21.14","21.08","0.02K","2.47%"
"Aug 21, 2018","20.67","19.86","20.70","19.84","0.69K","4.34%"
"Aug 20, 2018","19.81","19.55","19.80","19.53","2.48K","1.90%"
"Aug 17, 2018","19.44","19.54","19.54","19.45","0.23K","0.83%"
"Aug 16, 2018","19.28","19.51","19.51","19.35","0.03K","-0.52%"
"Aug 15, 2018","19.38","19.45","19.50","19.42","0.13K","-0.21%"
"Aug 14, 2018","19.42","19.21","19.39","19.18","0.32K","0.41%"
"Aug 13, 2018","19.34","19.25","19.36","19.25","0.29K","0.99%"
"Aug 10, 2018","19.15","18.78","19.16","18.77","0.85K","1.54%"
"Aug 09, 2018","18.86","18.86","18.87","18.86","0.00K","1.07%"
"Aug 08, 2018","18.66","18.77","18.86","18.73","0.92K","-0.74%"
"Aug 07, 2018","18.80","18.85","18.87","18.64","0.48K","-0.32%"
"Aug 06, 2018","18.86","18.95","19.08","18.90","0.10K","-0.53%"
"Aug 03, 2018","18.96","19.01","19.07","18.95","0.60K","0.16%"
"Aug 02, 2018","18.93","17.84","17.85","17.52","7.12K","-0.84%"
"Aug 01, 2018","19.09","18.82","19.10","18.82","0.51K","1.87%"
"Jul 31, 2018","18.74","18.21","18.54","18.15","0.05K","1.90%"
"Jul 30, 2018","18.39","18.40","18.40","18.30","0.04K","-0.38%"
"Jul 27, 2018","18.46","18.41","18.41","18.30","0.05K","-0.75%"
"Jul 26, 2018","18.60","18.53","18.53","18.35","0.04K","-0.27%"
"Jul 25, 2018","18.65","18.54","18.75","18.50","0.83K","1.47%"
"Jul 24, 2018","18.38","17.39","17.59","17.07","17.82K","-0.70%"
"Jul 23, 2018","18.51","18.51","18.55","18.51","0.44K","1.82%"
"Jul 20, 2018","18.18","18.18","18.18","18.18","0.14K","1.11%"
"Jul 19, 2018","17.98","17.66","18.04","17.66","0.10K","2.57%"
"Jul 18, 2018","17.53","17.31","17.54","17.28","0.46K","1.92%"
"Jul 17, 2018","17.20","17.00","17.00","17.00","0.92K","0.88%"
"Jul 16, 2018","17.05","17.05","17.05","17.00","0.05K","-0.64%"
"Jul 13, 2018","17.16","17.00","17.08","17.00","0.03K","-0.17%"
"Jul 12, 2018","17.19","16.27","16.55","15.89","14.27K","-1.32%"
"Jul 11, 2018","17.42","16.94","16.94","16.94","0.01K","1.57%"
"Jul 10, 2018","17.15","16.03","16.26","15.96","15.39K","0.47%"
"Jul 09, 2018","17.07","15.70","16.11","15.59","20.75K","1.79%"
"Jul 06, 2018","16.77","15.62","15.76","15.49","19.59K","0.18%"
"Jul 05, 2018","16.74","15.45","15.45","15.45","0.50K","1.09%"
"Jul 04, 2018","16.56","15.08","15.55","15.06","13.30K","2.60%"
"Jul 03, 2018","16.14","14.99","15.31","14.99","10.77K","0.19%"
"Jul 02, 2018","16.11","14.97","15.23","14.82","0.49K","0.69%"
"Jun 29, 2018","16.00","15.99","15.99","15.99","0.01K","-0.12%"
"Jun 28, 2018","16.02","15.30","15.38","14.95","15.91K","-1.60%"
"Jun 27, 2018","16.28","15.05","15.32","15.02","20.61K","1.43%"
"Jun 26, 2018","16.05","15.86","15.86","15.86","0.20K","0.06%"
"Jun 25, 2018","16.04","15.15","15.30","15.00","0.30K","-0.43%"
"Jun 22, 2018","16.11","14.85","15.20","14.70","0.25K","1.90%"
"Jun 21, 2018","15.81","14.45","14.95","14.22","0.67K","2.20%"
"Jun 20, 2018","15.47","15.30","15.50","15.23","0.41K","1.51%"
"Jun 19, 2018","15.24","14.50","14.69","14.22","22.15K","-2.50%"
"Jun 18, 2018","15.63","15.74","15.74","15.74","0.02K","0.45%"
"Jun 15, 2018","15.56","14.99","14.99","14.74","0.01K","-2.63%"
"Jun 14, 2018","15.98","16.00","16.00","16.00","0.01K","-2.62%"
"Jun 13, 2018","16.41","15.20","15.20","15.20","0.01K","0.98%"
"Jun 12, 2018","16.25","16.19","16.38","16.19","0.11K","-2.11%"
"Jun 11, 2018","16.60","16.61","16.61","16.48","0.80K","-1.43%"
"Jun 08, 2018","16.84","15.98","16.12","15.77","13.36K","-1.00%"
"Jun 07, 2018","17.01","17.06","17.16","17.06","0.22K","0.59%"
"Jun 06, 2018","16.91","16.05","16.05","16.05","0.01K","1.20%"
"Jun 05, 2018","16.71","17.00","17.00","17.00","0.21K","-1.82%"
"Jun 04, 2018","17.02","16.65","16.65","16.65","0.06K","5.39%"
"Jun 01, 2018","16.15","14.94","14.94","14.94","0.01K","2.47%"
"May 31, 2018","15.76","16.00","16.00","16.00","0.00K","-5.46%"
"May 30, 2018","16.67","16.09","16.09","15.93","0.02K","-2.63%"
"May 29, 2018","17.12","17.32","17.32","17.32","0.01K","-0.12%"
"May 28, 2018","17.14","15.82","16.54","15.75","8.56K","1.78%"
"May 25, 2018","16.84","16.15","16.15","16.05","0.01K","-1.64%"
"May 24, 2018","17.12","16.21","16.21","16.11","0.02K","1.78%"
"May 23, 2018","16.82","15.73","15.95","15.65","0.02K","0.42%"
"May 22, 2018","16.75","15.64","15.88","15.64","0.02K","2.45%"
"May 21, 2018","16.35","15.35","15.35","15.35","0.01K","1.87%"
"May 18, 2018","16.05","16.04","16.09","15.81","0.05K","-0.06%"
"May 17, 2018","16.06","15.05","15.05","15.05","0.01K","0.88%"
"May 16, 2018","15.92","14.93","14.93","14.93","0.01K","5.78%"
"May 15, 2018","15.05","14.64","14.64","14.64","0.00K","-2.08%"
"May 14, 2018","15.37","14.53","14.69","14.24","18.46K","0.13%"
"May 11, 2018","15.35","14.70","14.70","14.70","0.00K","0.13%"
"May 10, 2018","15.33","14.00","14.63","13.96","0.03K","4.14%"
"May 09, 2018","14.72","14.03","14.03","14.03","0.00K","2.94%"
"May 08, 2018","14.30","13.65","13.68","13.38","12.14K","-0.14%"
"May 07, 2018","14.32","13.01","13.68","13.01","18.94K","4.45%"
"May 04, 2018","13.71","12.96","13.07","12.82","10.41K","0.44%"
"May 03, 2018","13.65","12.88","12.88","12.88","0.00K","-0.73%"
"May 02, 2018","13.75","13.39","13.41","12.99","22.73K","-2.34%"
"May 01, 2018","14.08","13.58","13.79","13.36","9.97K","-1.33%"
"Apr 30, 2018","14.27","13.50","13.66","13.41","12.37K","0.14%"
"Apr 27, 2018","14.25","14.12","14.13","14.12","0.02K","0.49%"
"Apr 26, 2018","14.18","14.00","14.00","14.00","0.04K","1.79%"
"Apr 25, 2018","13.93","13.00","13.00","13.00","0.02K","0.29%"
"Apr 24, 2018","13.89","12.96","12.96","12.96","0.03K","2.58%"
"Apr 23, 2018","13.54","12.95","12.95","12.79","0.33K","-1.17%"
"Apr 20, 2018","13.70","13.57","13.57","13.41","0.00K","-2.91%"
"Apr 19, 2018","14.11","14.07","14.07","14.07","0.00K","-2.89%"
"Apr 18, 2018","14.53","13.74","13.92","13.59","0.05K","1.11%"
"Apr 17, 2018","14.37","14.45","14.45","14.43","0.02K","-1.64%"
"Apr 16, 2018","14.61","14.11","14.11","14.11","0.26K","0.55%"
"Apr 13, 2018","14.53","13.59","14.08","13.57","0.25K","2.83%"
"Apr 12, 2018","14.13","13.35","13.82","13.17","17.56K","1.44%"
"Apr 11, 2018","13.93","13.36","13.59","13.24","34.41K","0.58%"
"Apr 10, 2018","13.85","13.29","13.47","13.10","19.37K","0.36%"
"Apr 09, 2018","13.80","12.94","13.42","12.86","17.92K","2.60%"
"Apr 06, 2018","13.45","12.67","13.22","12.53","20.77K","2.67%"
"Apr 05, 2018","13.10","13.22","13.22","13.22","0.00K","-3.11%"
"Apr 04, 2018","13.52","13.30","13.59","12.84","17.63K","-1.67%"
"Apr 03, 2018","13.75","13.25","13.34","12.51","18.80K","0.15%"
"Mar 29, 2018","13.73","13.71","13.71","13.66","0.03K","2.16%"
"Mar 28, 2018","13.44","14.56","14.57","14.55","0.02K","-4.88%"
"Mar 27, 2018","14.13","13.52","13.52","13.52","0.75K","5.76%"
"Mar 26, 2018","13.36","12.59","13.11","12.45","30.91K","2.93%"
"Mar 23, 2018","12.98","12.27","12.64","12.21","24.11K","2.12%"
"Mar 22, 2018","12.71","12.69","13.04","12.27","34.46K","-2.38%"
"Mar 21, 2018","13.02","11.57","12.73","11.46","43.50K","9.78%"
"Mar 20, 2018","11.86","11.09","11.57","10.97","0.26K","4.31%"
"Mar 19, 2018","11.37","10.99","11.09","10.90","0.81K","-0.96%"
"Mar 16, 2018","11.48","11.14","11.21","11.01","0.77K","-0.09%"
"Mar 15, 2018","11.49","11.45","11.51","11.41","0.87K","-0.43%"
"Mar 14, 2018","11.54","11.53","11.53","11.53","0.60K","-2.94%"
"Mar 13, 2018","11.89","11.61","11.86","11.61","0.08K","3.03%"
"Mar 12, 2018","11.54","11.33","11.33","11.06","0.24K","-0.26%"
"Mar 09, 2018","11.57","11.16","11.16","10.85","0.15K","0.35%"
"Mar 08, 2018","11.53","10.70","11.11","10.66","0.16K","4.34%"
"Mar 07, 2018","11.05","10.38","10.63","10.33","0.12K","1.56%"
"Mar 06, 2018","10.88","10.27","10.50","10.25","0.24K","1.02%"
"Mar 05, 2018","10.77","10.02","10.36","9.96","0.20K","2.09%"
"Mar 02, 2018","10.55","9.95","10.10","9.91","0.17K","1.44%"
"Mar 01, 2018","10.40","10.08","10.08","9.93","1.38K","-1.05%"
"Feb 28, 2018","10.51","10.13","10.15","9.96","0.13K","-0.38%"
"Feb 27, 2018","10.55","9.56","10.14","9.55","0.18K","5.18%"
"Feb 26, 2018","10.03","9.59","9.59","9.59","0.02K","-1.76%"
"Feb 23, 2018","10.21","9.75","9.90","9.65","23.70K","0.89%"
"Feb 22, 2018","10.12","9.51","9.77","9.41","16.64K","1.61%"
"Feb 21, 2018","9.96","9.67","9.74","9.49","10.68K","-1.58%"
"Feb 20, 2018","10.12","9.94","9.97","9.64","18.26K","-1.56%"
"Feb 19, 2018","10.28","10.03","10.03","10.03","0.00K","3.73%"
"Feb 16, 2018","9.91","9.58","9.69","9.37","16.67K","-0.30%"
"Feb 15, 2018","9.94","9.61","9.72","9.50","11.34K","-0.60%"
"Feb 14, 2018","10.00","10.17","10.17","9.95","0.15K","-2.91%"
"Feb 13, 2018","10.30","10.04","10.18","10.04","0.58K","4.57%"
"Feb 12, 2018","9.85","9.17","9.50","9.08","12.29K","2.71%"
"Feb 09, 2018","9.59","9.42","9.42","9.42","0.05K","1.05%"
"Feb 08, 2018","9.49","9.55","9.55","9.55","0.00K","1.39%"
"Feb 07, 2018","9.36","8.80","9.21","8.68","14.97K","2.18%"
"Feb 06, 2018","9.16","9.07","9.07","8.67","15.39K","-2.86%"
"Feb 05, 2018","9.43","9.25","9.25","8.99","0.04K","1.07%"
"Feb 02, 2018","9.33","9.32","9.39","8.83","12.46K","-3.32%"
"Feb 01, 2018","9.65","9.29","9.48","9.09","17.17K","0.00%"
"Jan 31, 2018","9.65","8.90","9.31","8.79","17.39K","4.21%"
"Jan 30, 2018","9.26","9.25","9.25","9.25","0.03K","-1.28%"
"Jan 29, 2018","9.38","9.08","9.08","9.08","0.03K","-0.95%"
"Jan 26, 2018","9.47","9.47","9.47","9.47","0.15K","-1.56%"
"Jan 25, 2018","9.62","9.65","9.65","9.60","0.30K","-2.04%"
"Jan 24, 2018","9.82","9.03","9.56","8.97","0.16K","4.80%"
"Jan 23, 2018","9.37","8.75","9.05","8.74","0.12K","2.85%"
"Jan 22, 2018","9.11","8.99","8.99","8.99","0.10K","0.22%"
"Jan 19, 2018","9.09","8.95","8.97","8.95","0.05K","3.53%"
"Jan 18, 2018","8.78","8.15","8.55","8.11","0.05K","3.66%"
"Jan 17, 2018","8.47","8.30","8.30","8.30","0.02K","1.56%"
"Jan 16, 2018","8.34","7.92","7.92","7.90","0.00K","3.09%"
"Jan 15, 2018","8.09","7.80","7.85","7.74","8.77K","-0.74%"
"Jan 12, 2018","8.15","7.80","7.87","7.76","8.32K","0.62%"
"Jan 11, 2018","8.10","7.89","7.95","7.66","17.69K","-0.86%"
"Jan 10, 2018","8.17","7.77","7.91","7.75","9.21K","1.11%"
"Jan 09, 2018","8.08","7.66","7.84","7.66","8.97K","1.51%"
"Jan 08, 2018","7.96","7.76","7.92","7.60","14.25K","-1.49%"
"Jan 05, 2018","8.08","7.75","7.84","7.74","5.56K","0.12%"
"Jan 04, 2018","8.07","7.89","7.92","7.74","10.38K","-0.74%"
"Jan 03, 2018","8.13","7.75","7.97","7.73","7.96K","0.25%"
"Jan 02, 2018","8.11","8.05","8.13","7.73","9.63K","-4.48%"
"Dec 29, 2017","8.49","8.16","8.28","8.02","5.51K","-0.47%"
"Dec 28, 2017","8.53","8.18","8.25","8.16","2.55K","0.47%"
"Dec 27, 2017","8.49","8.10","8.24","8.08","2.92K","-0.24%"
"Dec 22, 2017","8.51","8.05","8.30","7.97","7.69K","2.04%"
"Dec 21, 2017","8.34","7.82","8.06","7.71","12.57K","2.58%"
"Dec 20, 2017","8.13","8.04","8.04","8.04","0.00K","3.44%"
"Dec 19, 2017","7.86","7.49","7.64","7.37","11.01K","1.42%"
"Dec 18, 2017","7.75","7.20","7.44","7.09","13.04K","2.79%"
"Dec 15, 2017","7.54","7.09","7.22","6.96","33.62K","1.21%"
"Dec 14, 2017","7.45","7.13","7.17","6.94","40.99K","0.13%"
"Dec 13, 2017","7.44","7.13","7.20","7.02","42.02K","-0.80%"
"Dec 12, 2017","7.50","7.60","7.60","7.55","0.12K","-0.40%"
"Dec 11, 2017","7.53","7.12","7.26","7.08","22.33K","0.80%"
"Dec 08, 2017","7.47","7.34","7.37","7.11","15.53K","-2.73%"
"Dec 07, 2017","7.68","7.26","7.37","7.21","12.37K","0.92%"
"Dec 06, 2017","7.61","7.43","7.43","7.26","17.03K","-1.93%"
"Dec 05, 2017","7.76","7.55","7.56","7.41","12.93K","-1.65%"
"Dec 04, 2017","7.89","7.71","7.72","7.46","17.61K","-1.62%"
"Dec 01, 2017","8.02","7.55","7.72","7.45","16.01K","2.04%"
"Nov 30, 2017","7.86","7.68","7.72","7.52","11.55K","-2.12%"
"Nov 29, 2017","8.03","7.57","7.74","7.50","20.67K","1.26%"
"Nov 28, 2017","7.93","7.71","7.74","7.52","14.59K","-1.37%"
"Nov 27, 2017","8.04","7.72","7.72","7.72","0.01K","-0.74%"
"Nov 24, 2017","8.10","7.70","7.70","7.70","0.01K","1.12%"
"Nov 23, 2017","8.01","7.43","7.73","7.36","13.99K","3.76%"
"Nov 22, 2017","7.72","7.43","7.60","7.33","4.76K","-0.26%"
"Nov 21, 2017","7.74","7.50","7.62","7.40","1.57K","-0.64%"
"Nov 20, 2017","7.79","7.35","7.35","7.35","0.00K","-0.38%"
"Nov 17, 2017","7.82","7.52","7.61","7.47","5.77K","-0.26%"
"Nov 16, 2017","7.84","7.65","7.81","7.53","3.78K","-2.49%"
"Nov 15, 2017","8.04","7.37","7.82","7.37","2.92K","3.88%"
"Nov 14, 2017","7.74","7.36","7.50","7.27","5.33K","0.52%"
"Nov 13, 2017","7.70","7.44","7.44","7.29","2.80K","-0.65%"
"Nov 10, 2017","7.75","7.53","7.54","7.41","6.43K","-1.90%"
"Nov 09, 2017","7.90","7.80","8.00","7.51","6.02K","-2.11%"
"Nov 08, 2017","8.07","7.82","7.82","7.65","3.54K","-0.49%"
"Nov 07, 2017","8.11","8.02","8.05","7.70","2.63K","-1.82%"
"Nov 06, 2017","8.26","7.99","8.03","7.93","2.93K","0.49%"
"Nov 03, 2017","8.22","7.73","7.95","7.63","4.09K","2.75%"
"Nov 02, 2017","8.00","7.54","7.80","7.50","4.95K","1.91%"
"Nov 01, 2017","7.85","7.42","7.59","7.42","4.52K","1.82%"
"Oct 31, 2017","7.71","7.18","7.46","7.14","5.20K","2.94%"
"Oct 30, 2017","7.49","7.25","7.25","7.25","0.00K","-0.40%"
"Oct 27, 2017","7.52","7.23","7.23","7.23","0.00K","-0.40%"
"Oct 26, 2017","7.55","7.47","7.52","7.20","8.31K","-2.58%"
"Oct 25, 2017","7.75","7.58","7.63","7.40","6.16K","-0.90%"
"Oct 24, 2017","7.82","7.41","7.65","7.36","1.14K","0.51%"
"Oct 23, 2017","7.78","7.64","7.64","7.44","0.96K","-1.64%"
"Oct 20, 2017","7.91","7.90","7.90","7.89","0.00K","-1.00%"
"Oct 19, 2017","7.99","7.86","8.09","7.65","1.71K","-1.96%"
"Oct 18, 2017","8.15","7.65","7.65","7.65","0.02K","5.16%"
"Oct 17, 2017","7.75","7.47","7.47","7.47","0.01K","0.78%"
"Oct 16, 2017","7.69","7.36","7.46","7.28","1.70K","0.00%"
"Oct 13, 2017","7.69","7.21","7.45","7.20","5.19K","-1.16%"
"Oct 12, 2017","7.78","7.36","7.61","7.25","4.40K","0.13%"
"Oct 11, 2017","7.77","7.43","7.57","7.35","0.15K","-0.26%"
"Oct 10, 2017","7.79","6.98","7.45","6.95","2.85K","5.27%"
"Oct 09, 2017","7.40","7.00","7.08","6.88","1.61K","-0.54%"
"Oct 06, 2017","7.44","6.91","7.10","6.81","1.77K","1.36%"
"Oct 05, 2017","7.34","7.00","7.00","6.83","1.59K","-0.27%"
"Oct 04, 2017","7.36","6.99","7.08","6.93","4.44K","-1.08%"
"Oct 03, 2017","7.44","6.95","7.11","6.95","1.43K","0.81%"
"Oct 02, 2017","7.38","7.10","7.10","6.86","1.51K","-1.73%"
"Sep 29, 2017","7.51","7.02","7.29","6.96","2.28K","1.49%"
"Sep 28, 2017","7.40","6.94","7.33","6.84","3.42K","0.27%"
"Sep 27, 2017","7.38","6.92","7.00","6.77","1.73K","-0.67%"
"Sep 26, 2017","7.43","7.34","7.37","6.92","2.39K","-3.51%"
"Sep 25, 2017","7.70","6.75","7.37","6.75","2.17K","9.07%"
"Sep 22, 2017","7.06","6.55","6.55","6.55","0.00K","1.29%"
"Sep 21, 2017","6.97","6.77","6.77","6.71","0.02K","-4.78%"
"Sep 20, 2017","7.32","7.12","7.12","6.85","1.04K","-1.61%"
"Sep 19, 2017","7.44","6.82","6.82","6.82","0.00K","4.20%"
"Sep 18, 2017","7.14","7.00","7.06","6.75","3.03K","-2.99%"
"Sep 15, 2017","7.36","6.98","6.98","6.79","0.00K","-2.13%"
"Sep 14, 2017","7.52","7.34","7.70","7.08","4.62K","0.00%"
"Sep 13, 2017","7.52","7.07","7.07","7.07","0.01K","3.30%"
"Sep 12, 2017","7.28","6.90","6.91","6.58","2.26K","-0.14%"
"Sep 11, 2017","7.29","7.18","7.20","6.79","10.99K","-2.54%"
"Sep 08, 2017","7.48","7.00","7.13","6.95","1.31K","2.19%"
"Sep 07, 2017","7.32","6.87","7.00","6.68","1.97K","2.95%"
"Sep 06, 2017","7.11","6.38","6.38","6.38","0.00K","2.75%"
"Sep 05, 2017","6.92","6.88","6.88","6.88","0.20K","7.62%"
"Sep 04, 2017","6.43","5.92","5.99","5.86","0.96K","1.26%"
"Sep 01, 2017","6.35","6.02","6.02","5.86","2.04K","-1.70%"
"Aug 31, 2017","6.46","6.01","6.01","5.90","0.10K","-1.22%"
"Aug 30, 2017","6.54","6.10","6.14","6.03","3.09K","-0.30%"
"Aug 29, 2017","6.56","6.13","6.19","6.01","0.05K","-0.91%"
"Aug 28, 2017","6.62","6.12","6.12","6.12","0.01K","0.15%"
"Aug 25, 2017","6.61","6.03","6.12","5.99","0.05K","2.16%"
"Aug 24, 2017","6.47","6.03","6.15","5.95","0.20K","0.15%"
"Aug 23, 2017","6.46","5.80","6.00","5.79","0.05K","2.70%"
"Aug 22, 2017","6.29","5.81","5.84","5.70","2.06K","0.48%"
"Aug 21, 2017","6.26","5.81","5.81","5.81","0.01K","-1.11%"
"Aug 18, 2017","6.33","5.85","5.92","5.77","2.00K","0.00%"
"Aug 17, 2017","6.33","5.87","5.99","5.77","3.75K","0.32%"
"Aug 16, 2017","6.31","5.55","5.86","5.54","10.65K","4.30%"
"Aug 15, 2017","6.05","5.54","5.66","5.52","1.88K","0.17%"
"Aug 14, 2017","6.04","5.38","5.57","5.36","2.87K","2.20%"
"Aug 11, 2017","5.91","5.40","5.50","5.38","1.94K","0.51%"
"Aug 10, 2017","5.88","5.45","5.50","5.39","3.10K","0.68%"
"Aug 09, 2017","5.84","5.31","5.44","5.31","2.21K","2.64%"
"Aug 08, 2017","5.69","5.31","5.36","5.30","0.75K","0.00%"
"Aug 07, 2017","5.69","5.38","5.38","5.31","0.69K","-1.56%"
"Aug 04, 2017","5.78","5.46","5.48","5.37","1.08K","-1.37%"
"Aug 03, 2017","5.86","5.43","5.43","5.43","0.01K","0.17%"
"Aug 02, 2017","5.85","5.32","5.47","5.31","4.25K","2.27%"
"Aug 01, 2017","5.72","5.26","5.42","5.26","1.83K","1.24%"
"Jul 31, 2017","5.65","5.26","5.32","5.23","0.98K","0.71%"
"Jul 28, 2017","5.61","5.22","5.25","5.12","0.66K","0.72%"
"Jul 27, 2017","5.57","5.28","5.32","5.18","1.16K","-1.94%"
"Jul 26, 2017","5.68","5.22","5.32","5.19","0.87K","1.61%"
"Jul 25, 2017","5.59","5.22","5.25","5.14","1.36K","0.54%"
"Jul 24, 2017","5.56","5.11","5.24","5.11","1.58K","0.72%"
"Jul 21, 2017","5.52","5.38","5.40","5.11","0.70K","-2.65%"
"Jul 20, 2017","5.67","5.73","5.73","5.73","0.26K","-1.56%"
"Jul 19, 2017","5.76","5.75","5.75","5.75","0.51K","-0.17%"
"Jul 18, 2017","5.77","5.50","5.50","5.50","0.01K","0.52%"
"Jul 17, 2017","5.74","5.46","5.53","5.44","1.65K","0.00%"
"Jul 14, 2017","5.74","5.35","5.35","5.35","0.00K","1.06%"
"Jul 13, 2017","5.68","5.54","5.66","5.39","1.35K","-2.07%"
"Jul 12, 2017","5.80","5.39","5.53","5.39","0.90K","2.65%"
"Jul 11, 2017","5.65","5.51","5.54","5.32","1.61K","-1.22%"
"Jul 10, 2017","5.72","5.48","5.59","5.43","1.41K","1.06%"
"Jul 07, 2017","5.66","5.30","5.49","5.28","3.92K","1.98%"
"Jul 06, 2017","5.55","5.12","5.32","5.12","1.65K","3.74%"
"Jul 05, 2017","5.35","5.15","5.25","5.08","1.45K","-1.47%"
"Jul 04, 2017","5.43","5.19","5.25","5.12","1.27K","-0.37%"
"Jul 03, 2017","5.45","5.10","5.20","5.05","0.69K","2.06%"
"Jun 30, 2017","5.34","5.14","5.17","5.05","1.43K","-0.74%"
"Jun 29, 2017","5.38","5.07","5.18","5.06","5.77K","2.48%"
"Jun 28, 2017","5.25","4.98","5.01","4.95","1.80K","0.00%"
"Jun 27, 2017","5.25","4.87","5.01","4.86","0.40K","3.35%"
"Jun 26, 2017","5.08","4.93","4.93","4.82","1.34K","-1.74%"
"Jun 23, 2017","5.17","4.91","4.97","4.91","2.29K","0.00%"
"Jun 22, 2017","5.17","4.89","4.89","4.89","0.06K","-0.19%"
"Jun 21, 2017","5.18","5.06","5.06","4.92","0.32K","-1.71%"
"Jun 20, 2017","5.27","4.90","4.90","4.90","0.06K","0.76%"
"Jun 19, 2017","5.23","4.97","5.06","4.91","1.74K","0.97%"
"Jun 16, 2017","5.18","4.92","4.92","4.92","0.00K","-1.33%"
"Jun 15, 2017","5.25","4.98","5.01","4.95","1.05K","0.19%"
"Jun 14, 2017","5.24","5.06","5.10","4.95","3.00K","-1.50%"
"Jun 13, 2017","5.32","4.99","5.08","4.98","24.20K","1.92%"
"Jun 12, 2017","5.22","5.04","5.04","5.04","0.01K","-2.25%"
"Jun 09, 2017","5.34","5.11","5.11","5.06","0.10K","-0.19%"
"Jun 08, 2017","5.35","4.97","5.22","4.97","3.51K","3.28%"
"Jun 07, 2017","5.18","5.09","5.10","4.93","0.68K","-1.71%"
"Jun 06, 2017","5.27","5.20","5.23","4.99","0.05K","-3.66%"
"Jun 05, 2017","5.47","5.25","5.31","5.21","0.56K","0.18%"
"Jun 02, 2017","5.46","5.08","5.24","5.06","0.93K","1.68%"
"Jun 01, 2017","5.37","5.04","5.19","5.04","1.47K","1.90%"
"May 31, 2017","5.27","5.41","5.41","5.41","0.01K","-3.30%"
"May 30, 2017","5.45","5.22","5.26","5.14","2.99K","-0.73%"
"May 29, 2017","5.49","5.23","5.26","5.23","0.29K","-0.18%"
"May 26, 2017","5.50","5.05","5.22","5.05","0.12K","3.97%"
"May 25, 2017","5.29","5.00","5.05","4.96","0.38K","1.34%"
"May 24, 2017","5.22","4.83","4.99","4.83","0.05K","3.37%"
"May 23, 2017","5.05","5.00","5.00","4.77","0.05K","-3.07%"
"May 22, 2017","5.21","4.99","4.99","4.99","0.01K","1.36%"
"May 19, 2017","5.14","4.89","4.89","4.89","0.03K","1.78%"
"May 18, 2017","5.05","4.66","4.86","4.66","1.73K","3.70%"
"May 17, 2017","4.87","4.58","4.70","4.54","2.69K","0.83%"
"May 16, 2017","4.83","4.45","4.61","4.40","2.03K","3.21%"
"May 15, 2017","4.68","4.47","4.55","4.41","1.96K","-1.47%"
"May 12, 2017","4.75","4.32","4.32","4.32","0.00K","2.37%"
"May 11, 2017","4.64","4.39","4.39","4.39","0.00K","-2.11%"
"May 10, 2017","4.74","4.58","4.61","4.46","5.77K","-1.46%"
"May 09, 2017","4.81","4.40","4.40","4.40","0.02K","2.12%"
"May 08, 2017","4.71","4.61","4.62","4.45","1.40K","-3.09%"
"May 05, 2017","4.86","4.52","4.73","4.50","2.97K","1.46%"
"May 04, 2017","4.79","4.43","4.61","4.35","1.34K","2.13%"
"May 03, 2017","4.69","4.41","4.50","4.39","1.23K","-0.85%"
"May 02, 2017","4.73","4.51","4.51","4.51","0.01K","3.50%"
"May 01, 2017","4.57","4.57","4.57","4.57","-","-5.97%"
"Apr 28, 2017","4.86","4.60","4.65","4.59","0.96K","0.21%"
"Apr 27, 2017","4.85","4.62","4.68","4.57","1.54K","-1.02%"
"Apr 26, 2017","4.90","4.55","4.66","4.54","0.42K","2.30%"
"Apr 25, 2017","4.79","4.68","4.71","4.50","1.23K","-3.04%"
"Apr 24, 2017","4.94","4.67","4.78","4.67","0.00K","1.65%"
"Apr 21, 2017","4.86","4.70","4.70","4.70","0.01K","-3.57%"
"Apr 20, 2017","5.04","4.80","4.80","4.80","0.00K","-1.95%"
"Apr 19, 2017","5.14","4.90","4.90","4.90","0.00K","-0.39%"
"Apr 18, 2017","5.16","4.98","5.00","4.89","0.80K","-1.53%"
"Apr 13, 2017","5.24","5.00","5.08","4.97","0.48K","0.19%"
"Apr 12, 2017","5.23","4.97","5.02","4.92","1.04K","1.36%"
"Apr 11, 2017","5.16","4.85","4.85","4.85","0.00K","1.78%"
"Apr 10, 2017","5.07","5.00","5.00","4.83","0.99K","-1.93%"
"Apr 07, 2017","5.17","5.14","5.24","4.92","3.58K","-3.36%"
"Apr 06, 2017","5.35","4.86","5.17","4.86","1.49K","4.90%"
"Apr 05, 2017","5.10","4.73","4.96","4.72","1.80K","4.08%"
"Apr 04, 2017","4.90","4.79","4.79","4.79","0.01K","-4.48%"
"Apr 03, 2017","5.13","4.80","4.90","4.76","1.60K","3.43%"
"Mar 31, 2017","4.96","4.91","4.98","4.71","1.27K","-4.43%"
"Mar 30, 2017","5.19","4.82","5.00","4.69","0.50K","3.18%"
"Mar 29, 2017","5.03","4.76","4.84","4.72","2.39K","0.60%"
"Mar 28, 2017","5.00","4.77","4.80","4.68","0.98K","2.25%"
"Mar 27, 2017","4.89","4.70","4.73","4.58","0.68K","-2.78%"
"Mar 24, 2017","5.03","4.96","4.96","4.72","0.37K","-4.01%"
"Mar 23, 2017","5.24","4.98","4.99","4.94","0.18K","0.19%"
"Mar 22, 2017","5.23","4.87","4.89","4.85","0.32K","0.58%"
"Mar 21, 2017","5.20","4.98","4.98","4.98","4.12K","-0.95%"
"Mar 20, 2017","5.25","5.11","5.12","4.97","0.43K","-2.78%"
"Mar 17, 2017","5.40","5.12","5.15","5.12","0.39K","-0.18%"
"Mar 16, 2017","5.41","5.15","5.19","5.09","0.19K","-0.92%"
"Mar 15, 2017","5.46","5.09","5.20","5.09","0.05K","1.68%"
"Mar 14, 2017","5.37","5.17","5.19","5.09","0.30K","-0.92%"
"Mar 13, 2017","5.42","5.15","5.17","5.15","0.01K","-0.18%"
"Mar 10, 2017","5.43","5.12","5.12","5.08","0.09K","0.93%"
"Mar 09, 2017","5.38","5.15","5.17","5.12","0.22K","-2.18%"
"Mar 08, 2017","5.50","5.30","5.31","5.21","0.24K","-2.48%"
"Mar 07, 2017","5.64","5.52","5.52","5.37","0.19K","-1.91%"
"Mar 06, 2017","5.75","5.50","5.50","5.47","1.50K","-1.88%"
"Mar 03, 2017","5.86","5.42","5.70","5.42","0.25K","2.27%"
"Mar 02, 2017","5.73","5.98","5.98","5.45","0.20K","-7.28%"
"Mar 01, 2017","6.18","5.31","5.88","5.31","1.68K","12.57%"
"Feb 28, 2017","5.49","5.26","5.30","5.15","0.18K","0.73%"
"Feb 27, 2017","5.45","5.40","5.40","5.40","0.00K","-3.54%"
"Feb 24, 2017","5.65","5.33","5.33","5.33","0.00K","0.53%"
"Feb 23, 2017","5.62","5.30","5.30","5.27","0.00K","5.44%"
"Feb 22, 2017","5.33","5.00","5.06","4.97","0.01K","0.38%"
"Feb 21, 2017","5.31","5.12","5.19","5.07","0.82K","-0.75%"
"Feb 20, 2017","5.35","5.05","5.19","5.03","1.17K","2.29%"
"Feb 17, 2017","5.23","4.91","4.91","4.90","0.01K","0.58%"
"Feb 16, 2017","5.20","5.04","5.04","5.04","0.01K","-2.62%"
"Feb 15, 2017","5.34","5.19","5.28","5.03","1.64K","-1.11%"
"Feb 14, 2017","5.40","4.98","5.18","4.98","0.68K","4.65%"
"Feb 13, 2017","5.16","5.17","5.19","4.92","1.01K","-3.91%"
"Feb 10, 2017","5.37","5.34","5.37","5.16","1.51K","-3.07%"
"Feb 09, 2017","5.54","5.25","5.46","5.25","2.34K","1.28%"
"Feb 08, 2017","5.47","5.14","5.30","5.10","1.86K","0.92%"
"Feb 07, 2017","5.42","5.13","5.26","5.08","1.58K","1.31%"
"Feb 06, 2017","5.35","5.17","5.23","5.11","1.17K","-1.11%"
"Feb 03, 2017","5.41","5.15","5.18","5.15","0.02K","-1.28%"
"Feb 02, 2017","5.48","5.33","5.38","5.25","0.87K","-0.90%"
"Feb 01, 2017","5.53","5.42","5.49","5.30","0.64K","-1.43%"
"Jan 31, 2017","5.61","5.23","5.42","5.22","0.66K","5.06%"
"Jan 30, 2017","5.34","5.05","5.23","5.02","0.97K","8.76%"
"Jan 27, 2017","4.91","5.17","5.24","4.95","0.50K","-5.39%"
"Jan 26, 2017","5.19","5.05","5.27","4.94","0.83K","4.43%"
"Jan 25, 2017","4.97","4.95","4.99","4.95","0.00K","-1.97%"
"Jan 24, 2017","5.07","5.19","5.19","5.19","0.00K","-4.52%"
"Jan 23, 2017","5.31","5.45","5.59","5.34","3.02K","-2.03%"
"Jan 20, 2017","5.42","5.15","5.57","5.15","1.79K","4.43%"
"Jan 19, 2017","5.19","4.90","4.95","4.90","0.02K","7.45%"
"Jan 18, 2017","4.83","4.96","4.96","4.93","0.02K","-3.21%"
"Jan 17, 2017","4.99","4.66","4.66","4.66","0.00K","6.40%"
"Jan 16, 2017","4.69","4.96","4.96","4.85","0.01K","-6.76%"
"Jan 13, 2017","5.03","5.10","5.18","5.01","2.31K","0.00%"
"Jan 12, 2017","5.03","5.54","5.54","5.08","0.00K","-8.71%"
"Jan 11, 2017","5.51","5.61","5.69","5.47","3.93K","0.36%"
"Jan 10, 2017","5.49","5.36","5.36","5.36","0.00K","4.57%"
"Jan 09, 2017","5.25","5.05","5.05","5.05","0.00K","4.37%"
"Jan 06, 2017","5.03","5.39","5.39","5.04","0.00K","-4.55%"
"Jan 05, 2017","5.27","5.79","5.83","5.33","1.09K","-7.54%"
"Jan 04, 2017","5.70","5.64","5.68","5.32","0.05K","5.36%"
"Jan 03, 2017","5.41","6.05","6.05","5.44","1.56K","-11.46%"
"Jan 02, 2017","6.11","6.48","6.48","6.36","0.03K","-6.57%"
"Dec 30, 2016","6.54","6.41","6.63","6.41","0.00K","3.15%"
"Dec 29, 2016","6.34","6.36","6.42","6.34","0.20K","0.32%"
"Dec 28, 2016","6.32","6.41","6.41","6.31","0.05K","0.00%"
"Dec 27, 2016","6.32","6.50","6.58","6.16","0.30K","1.61%"
"Dec 23, 2016","6.22","6.12","6.35","6.12","1.89K","2.47%"
"Dec 22, 2016","6.07","5.87","5.89","5.87","0.00K","4.66%"
"Dec 21, 2016","5.80","5.29","5.82","5.29","0.77K","10.90%"
"Dec 20, 2016","5.23","5.22","5.22","5.22","0.02K","2.75%"
"Dec 19, 2016","5.09","4.96","5.22","4.93","16.00K","3.25%"
"Dec 16, 2016","4.93","4.93","5.00","4.57","22.51K","1.86%"
"Dec 15, 2016","4.84","5.01","5.14","4.79","20.36K","-3.39%"
"Dec 14, 2016","5.01","5.03","5.19","4.88","25.67K","4.59%"
"Dec 13, 2016","4.79","4.84","4.92","4.70","23.63K","-1.64%"
"Dec 12, 2016","4.87","4.51","4.89","4.49","20.87K","9.19%"
"Dec 09, 2016","4.46","4.61","4.78","4.44","16.74K","-3.25%"
"Dec 08, 2016","4.61","4.27","4.65","4.24","16.37K","7.21%"
"Dec 07, 2016","4.30","4.49","4.62","4.27","19.14K","-4.44%"
"Dec 06, 2016","4.50","4.29","4.54","4.03","20.98K","2.97%"
"Dec 05, 2016","4.37","4.27","4.45","3.97","23.63K","1.63%"
"Dec 02, 2016","4.30","4.44","4.50","4.25","23.23K","-3.59%"
"Dec 01, 2016","4.46","4.62","4.65","4.40","15.00K","-2.62%"
"Nov 30, 2016","4.58","4.49","4.81","4.35","16.82K","0.44%"
"Nov 29, 2016","4.56","4.71","4.79","4.41","21.13K","-3.80%"
"Nov 28, 2016","4.74","4.99","4.99","4.99","0.00K","-5.20%"
"Nov 25, 2016","5.00","5.32","5.32","5.01","1.45K","-6.37%"
"Nov 24, 2016","5.34","5.35","5.35","5.35","0.00K","-0.93%"
"Nov 23, 2016","5.39","5.59","5.68","5.40","1.02K","-2.18%"
"Nov 22, 2016","5.51","5.58","5.58","5.49","1.72K","0.55%"
"Nov 21, 2016","5.48","5.47","5.47","5.47","0.00K","-1.79%"
"Nov 18, 2016","5.58","5.86","5.86","5.64","1.14K","-5.42%"
"Nov 17, 2016","5.90","5.74","5.80","5.74","0.00K","6.31%"
"Nov 16, 2016","5.55","5.84","5.84","5.56","1.29K","-3.31%"
"Nov 15, 2016","5.74","5.52","5.78","5.46","0.85K","6.10%"
"Nov 14, 2016","5.41","5.55","5.55","5.55","0.00K","-4.59%"
"Nov 11, 2016","5.67","5.70","5.70","5.70","0.00K","-4.22%"
"Nov 10, 2016","5.92","6.18","6.19","5.97","2.24K","-3.43%"
"Nov 09, 2016","6.13","6.00","6.19","5.88","0.83K","-0.33%"
"Nov 08, 2016","6.15","6.31","6.31","6.05","1.21K","-1.28%"
"Nov 07, 2016","6.23","6.52","6.52","6.52","0.01K","-2.81%"
"Nov 04, 2016","6.41","6.53","6.61","6.44","0.48K","-1.38%"
"Nov 03, 2016","6.50","6.26","6.61","6.22","1.11K","4.17%"
"Nov 02, 2016","6.24","6.04","6.14","5.89","1.03K","3.48%"
"Nov 01, 2016","6.03","5.97","5.97","5.97","0.02K","2.20%"
"Oct 31, 2016","5.90","5.93","5.93","5.93","0.00K","0.34%"
"Oct 28, 2016","5.88","5.76","5.76","5.75","0.01K","1.20%"
"Oct 27, 2016","5.81","5.96","6.01","5.81","0.93K","-2.19%"
"Oct 26, 2016","5.94","5.89","6.09","5.89","1.39K","2.24%"
"Oct 25, 2016","5.81","5.92","6.00","5.67","1.86K","0.00%"
"Oct 24, 2016","5.81","6.02","6.03","5.84","1.32K","-1.36%"
"Oct 21, 2016","5.89","5.57","6.01","5.54","0.40K","5.56%"
"Oct 20, 2016","5.58","5.72","5.82","5.57","1.30K","-1.59%"
"Oct 19, 2016","5.67","6.01","6.01","5.71","1.09K","-4.71%"
"Oct 18, 2016","5.95","6.04","6.08","5.87","0.51K","1.36%"
"Oct 17, 2016","5.87","5.90","5.90","5.90","0.00K","1.03%"
"Oct 14, 2016","5.81","5.73","5.89","5.73","1.29K","2.83%"
"Oct 13, 2016","5.65","5.64","5.64","5.64","0.00K","2.36%"
"Oct 12, 2016","5.52","5.49","5.58","5.49","0.37K","1.66%"
"Oct 11, 2016","5.43","5.55","5.55","5.55","0.00K","-4.06%"
"Oct 10, 2016","5.66","5.70","5.77","5.56","0.31K","-0.53%"
"Oct 07, 2016","5.69","5.67","5.67","5.67","0.01K","-2.90%"
"Oct 06, 2016","5.86","5.60","6.11","5.60","2.38K","6.93%"
"Oct 05, 2016","5.48","5.43","5.43","5.43","0.00K","5.18%"
"Oct 04, 2016","5.21","5.22","5.22","5.22","0.00K","-1.88%"
"Oct 03, 2016","5.31","5.23","5.39","5.23","0.54K","7.06%"
"Sep 30, 2016","4.96","4.92","4.92","4.92","0.00K","-1.20%"
"Sep 29, 2016","5.02","5.19","5.19","5.19","0.00K","1.41%"
"Sep 28, 2016","4.95","5.00","5.00","5.00","0.00K","11.74%"
"Sep 27, 2016","4.43","4.66","4.69","4.49","1.25K","-4.11%"
"Sep 26, 2016","4.62","4.64","4.70","4.64","0.10K","1.76%"
"Sep 23, 2016","4.54","4.65","4.65","4.65","0.01K","2.71%"
"Sep 22, 2016","4.42","4.36","4.52","4.31","1.57K","4.99%"
"Sep 21, 2016","4.21","4.10","4.10","4.10","0.02K","1.20%"
"Sep 20, 2016","4.16","4.41","4.42","4.24","0.43K","-5.45%"
"Sep 19, 2016","4.40","4.43","4.43","4.42","0.00K","0.92%"
"Sep 16, 2016","4.36","4.25","4.47","4.25","0.42K","5.31%"
"Sep 15, 2016","4.14","3.97","3.97","3.97","0.00K","4.02%"
"Sep 14, 2016","3.98","4.13","4.13","4.02","0.49K","-1.00%"
"Sep 13, 2016","4.02","4.10","4.12","4.05","1.18K","-0.25%"
"Sep 12, 2016","4.03","4.12","4.15","4.01","0.51K","-1.23%"
"Sep 09, 2016","4.08","4.15","4.20","4.12","0.39K","0.00%"
"Sep 08, 2016","4.08","4.05","4.11","4.04","0.58K","1.75%"
"Sep 07, 2016","4.01","4.11","4.18","4.03","0.76K","-2.91%"
"Sep 06, 2016","4.13","4.03","4.20","3.99","1.52K","5.09%"
"Sep 05, 2016","3.93","4.20","4.21","3.96","2.43K","-3.68%"
"Sep 02, 2016","4.08","4.35","4.35","4.33","0.01K","-6.64%"
"Sep 01, 2016","4.37","4.54","4.55","4.46","0.68K","-2.02%"
"Aug 31, 2016","4.46","4.68","4.70","4.50","1.08K","-1.76%"
"Aug 30, 2016","4.54","4.80","4.84","4.70","1.20K","-3.20%"
"Aug 29, 2016","4.69","4.77","4.77","4.77","0.00K","0.00%"
"Aug 26, 2016","4.69","4.78","4.81","4.77","0.20K","-0.21%"
"Aug 25, 2016","4.70","4.72","4.80","4.72","0.06K","2.17%"
"Aug 24, 2016","4.60","4.77","4.80","4.64","2.76K","-2.13%"
"Aug 23, 2016","4.70","4.99","5.00","4.91","0.50K","-3.89%"
"Aug 22, 2016","4.89","4.87","4.87","4.87","0.01K","2.73%"
"Aug 19, 2016","4.76","4.74","4.90","4.74","0.39K","1.71%"
"Aug 18, 2016","4.68","4.49","4.49","4.49","0.01K","4.46%"
"Aug 17, 2016","4.48","4.77","4.77","4.58","0.64K","-4.48%"
"Aug 16, 2016","4.69","4.87","4.92","4.80","0.21K","-2.29%"
"Aug 15, 2016","4.80","4.99","4.99","4.86","0.75K","-1.84%"
"Aug 12, 2016","4.89","4.98","4.98","4.94","0.03K","0.41%"
"Aug 11, 2016","4.87","4.82","4.87","4.81","0.03K","2.31%"
"Aug 10, 2016","4.76","4.93","4.94","4.88","0.22K","-2.26%"
"Aug 09, 2016","4.87","5.00","5.00","4.89","0.66K","-1.42%"
"Aug 08, 2016","4.94","4.84","5.02","4.84","0.35K","4.66%"
"Aug 05, 2016","4.72","4.77","4.90","4.75","0.50K","0.85%"
"Aug 04, 2016","4.68","4.67","4.78","4.63","1.19K","1.30%"
"Aug 03, 2016","4.62","4.56","4.59","4.56","0.01K","5.00%"
"Aug 02, 2016","4.40","4.43","4.51","4.41","0.29K","0.69%"
"Aug 01, 2016","4.37","4.51","4.51","4.46","0.13K","-0.91%"
"Jul 29, 2016","4.41","4.40","4.40","4.40","0.00K","-1.34%"
"Jul 28, 2016","4.47","4.64","4.73","4.57","0.51K","-1.11%"
"Jul 27, 2016","4.52","4.59","4.63","4.57","1.44K","0.44%"
"Jul 26, 2016","4.50","4.70","4.70","4.59","2.74K","-1.75%"
"Jul 25, 2016","4.58","4.66","4.67","4.60","0.80K","0.66%"
"Jul 22, 2016","4.55","4.70","4.76","4.63","0.77K","-1.94%"
"Jul 21, 2016","4.64","4.72","4.72","4.72","0.01K","-0.85%"
"Jul 20, 2016","4.68","4.79","4.79","4.67","3.79K","0.43%"
"Jul 19, 2016","4.66","4.90","4.90","4.75","0.79K","-3.72%"
"Jul 18, 2016","4.84","5.12","5.12","4.92","1.11K","-1.63%"
"Jul 15, 2016","4.92","4.70","4.70","4.70","0.00K","3.14%"
"Jul 14, 2016","4.77","4.85","4.85","4.85","0.01K","-0.21%"
"Jul 13, 2016","4.78","4.65","4.94","4.65","0.62K","3.46%"
"Jul 12, 2016","4.62","4.43","4.58","4.43","0.06K","4.52%"
"Jul 11, 2016","4.42","4.53","4.53","4.48","0.02K","-2.43%"
"Jul 08, 2016","4.53","4.57","4.64","4.56","0.37K","-0.88%"
"Jul 07, 2016","4.57","4.72","4.72","4.63","0.01K","-0.22%"
"Jul 06, 2016","4.58","4.51","4.51","4.51","0.02K","-2.55%"
"Jul 05, 2016","4.70","4.96","4.99","4.78","0.70K","-5.24%"
"Jul 04, 2016","4.96","4.87","5.11","4.80","0.88K","7.59%"
"Jul 01, 2016","4.61","4.46","4.46","4.46","0.00K","3.36%"
"Jun 30, 2016","4.46","4.64","4.66","4.55","0.95K","-1.11%"
"Jun 29, 2016","4.51","4.67","4.67","4.47","0.58K","-3.63%"
"Jun 28, 2016","4.68","4.99","5.00","4.80","0.70K","-1.68%"
"Jun 27, 2016","4.76","5.06","5.06","5.00","0.06K","-3.84%"
"Jun 24, 2016","4.95","4.89","4.89","4.89","0.01K","-12.08%"
"Jun 23, 2016","5.63","5.77","5.78","5.69","0.10K","-0.71%"
"Jun 22, 2016","5.67","5.57","5.57","5.57","2.00K","2.35%"
"Jun 21, 2016","5.54","5.56","5.56","5.56","0.11K","-5.14%"
"Jun 20, 2016","5.84","5.90","5.97","5.88","0.10K","3.18%"
"Jun 17, 2016","5.66","5.74","5.74","5.67","0.07K","-0.70%"
"Jun 16, 2016","5.70","5.93","5.94","5.80","0.18K","-3.23%"
"Jun 15, 2016","5.89","6.00","6.01","5.95","0.18K","0.86%"
"Jun 14, 2016","5.84","5.91","5.97","5.85","1.09K","0.00%"
"Jun 13, 2016","5.84","5.89","5.89","5.85","0.14K","-1.68%"
"Jun 10, 2016","5.94","5.97","5.97","5.95","0.12K","-2.62%"
"Jun 09, 2016","6.10","6.06","6.06","6.06","0.07K","0.16%"
"Jun 08, 2016","6.09","6.19","6.28","6.15","0.64K","-0.16%"
"Jun 07, 2016","6.10","6.36","6.36","6.36","0.07K","-1.45%"
"Jun 06, 2016","6.19","6.16","6.33","6.14","1.12K","4.38%"
"Jun 03, 2016","5.93","6.08","6.10","6.03","0.06K","-1.33%"
"Jun 02, 2016","6.01","6.12","6.12","6.12","1.30K","1.01%"
"Jun 01, 2016","5.95","5.98","5.98","5.98","0.06K","-2.14%"
"May 31, 2016","6.08","6.20","6.27","6.14","1.75K","-0.33%"
"May 30, 2016","6.10","6.18","6.22","6.18","0.06K","1.33%"
"May 27, 2016","6.02","6.09","6.10","6.03","2.92K","0.17%"
"May 26, 2016","6.01","6.12","6.22","6.12","0.06K","2.74%"
"May 25, 2016","5.85","6.00","6.01","5.90","0.05K","1.21%"
"May 24, 2016","5.78","5.81","5.81","5.81","0.00K","1.05%"
"May 23, 2016","5.72","5.90","5.90","5.86","0.01K","-3.87%"
"May 20, 2016","5.95","5.92","5.97","5.92","0.03K","-0.50%"
"May 19, 2016","5.98","5.90","5.90","5.89","0.50K","-1.16%"
"May 18, 2016","6.05","6.10","6.17","6.10","1.41K","0.17%"
"May 17, 2016","6.04","6.16","6.23","6.04","1.27K","-0.98%"
"May 16, 2016","6.10","6.07","6.19","6.05","0.11K","4.45%"
"May 13, 2016","5.84","5.85","5.85","5.85","0.15K","0.69%"
"May 12, 2016","5.80","6.15","6.21","6.13","0.75K","-3.49%"
"May 11, 2016","6.01","5.83","5.83","5.83","0.01K","2.04%"
"May 10, 2016","5.89","5.79","6.00","5.79","1.12K","3.51%"
"May 09, 2016","5.69","6.05","6.14","5.86","0.98K","-2.74%"
"May 06, 2016","5.85","6.26","6.26","5.97","0.99K","-5.49%"
"May 05, 2016","6.19","6.53","6.59","6.35","0.23K","1.14%"
"May 04, 2016","6.12","6.06","6.39","6.05","0.68K","2.34%"
"May 03, 2016","5.98","6.17","6.17","5.95","0.48K","-1.97%"
"May 02, 2016","6.10","6.18","6.23","6.16","0.36K","-1.13%"
"Apr 29, 2016","6.17","6.49","6.60","6.26","1.98K","-2.53%"
"Apr 28, 2016","6.33","6.90","6.90","6.49","3.60K","-7.32%"
"Apr 27, 2016","6.83","6.80","7.10","6.80","1.80K","3.33%"
"Apr 26, 2016","6.61","5.96","6.71","5.96","2.24K","12.22%"
"Apr 25, 2016","5.89","5.94","6.06","5.94","0.05K","-1.17%"
"Apr 22, 2016","5.96","5.75","5.75","5.75","0.01K","3.83%"
"Apr 21, 2016","5.74","5.68","5.87","5.67","1.14K","3.61%"
"Apr 20, 2016","5.54","5.50","5.50","5.50","0.02K","-0.36%"
"Apr 19, 2016","5.56","5.60","5.64","5.59","0.04K","1.83%"
"Apr 18, 2016","5.46","5.47","5.55","5.47","0.08K","-0.18%"
"Apr 15, 2016","5.47","5.55","5.55","5.55","0.01K","-2.32%"
"Apr 14, 2016","5.60","5.57","5.69","5.55","1.15K","1.27%"
"Apr 13, 2016","5.53","5.50","5.50","5.50","0.01K","-0.90%"
"Apr 12, 2016","5.58","5.73","5.77","5.64","0.35K","0.18%"
"Apr 11, 2016","5.57","5.52","5.52","5.52","0.05K","2.96%"
"Apr 08, 2016","5.41","5.37","5.50","5.37","0.24K","2.66%"
"Apr 07, 2016","5.27","5.41","5.42","5.32","0.43K","-0.57%"
"Apr 06, 2016","5.30","5.38","5.38","5.38","1.51K","1.34%"
"Apr 05, 2016","5.23","5.32","5.32","5.32","0.01K","-1.69%"
"Apr 04, 2016","5.32","5.19","5.42","5.19","0.81K","3.10%"
"Apr 01, 2016","5.16","5.35","5.35","5.22","3.60K","-0.77%"
"Mar 31, 2016","5.20","5.09","5.09","5.09","0.01K","5.05%"
"Mar 30, 2016","4.95","4.77","4.77","4.77","0.01K","3.77%"
"Mar 29, 2016","4.77","4.90","4.90","4.87","0.09K","-1.45%"
"Mar 24, 2016","4.84","4.87","4.87","4.87","0.01K","1.04%"
"Mar 23, 2016","4.79","4.88","4.91","4.82","1.52K","-0.42%"
"Mar 22, 2016","4.81","4.95","4.95","4.87","0.69K","-1.03%"
"Mar 21, 2016","4.86","5.01","5.01","4.96","0.14K","-1.42%"
"Mar 18, 2016","4.93","4.96","5.01","4.96","0.03K","-1.20%"
"Mar 17, 2016","4.99","5.05","5.13","5.00","1.64K","0.81%"
"Mar 16, 2016","4.95","5.08","5.10","5.08","0.26K","2.06%"
"Mar 15, 2016","4.85","4.61","4.87","4.61","0.02K","0.00%"
"Mar 14, 2016","4.85","4.97","4.97","4.85","0.28K","-2.61%"
"Mar 11, 2016","4.98","5.05","5.05","4.93","1.53K","1.63%"
"Mar 10, 2016","4.90","4.99","5.01","4.84","1.32K","-3.35%"
"Mar 09, 2016","5.07","4.98","5.08","4.95","0.55K","1.20%"
"Mar 08, 2016","5.01","5.00","5.20","5.00","0.24K","-1.57%"
"Mar 07, 2016","5.09","4.97","4.97","4.95","0.18K","3.46%"
"Mar 04, 2016","4.92","4.86","4.89","4.78","0.76K","0.82%"
"Mar 03, 2016","4.88","4.95","4.95","4.79","1.81K","-1.41%"
"Mar 02, 2016","4.95","4.99","4.99","4.90","0.82K","-0.80%"
"Mar 01, 2016","4.99","4.96","5.02","4.91","0.14K","0.00%"
"Feb 29, 2016","4.99","4.95","4.96","4.95","0.02K","0.20%"
"Feb 26, 2016","4.98","5.27","5.30","5.23","0.45K","-1.58%"
"Feb 25, 2016","5.06","4.99","4.99","4.95","0.01K","4.33%"
"Feb 24, 2016","4.85","4.72","4.72","4.72","0.00K","-0.82%"
"Feb 23, 2016","4.89","5.50","5.50","5.00","0.78K","-9.44%"
"Feb 22, 2016","5.40","5.24","5.24","5.24","0.01K","4.85%"
"Feb 19, 2016","5.15","5.37","5.57","5.19","1.12K","-1.72%"
"Feb 18, 2016","5.24","5.36","5.50","5.33","0.42K","3.35%"
"Feb 17, 2016","5.07","4.87","5.23","4.87","0.48K","8.57%"
"Feb 16, 2016","4.67","4.88","4.88","4.88","0.01K","-2.51%"
"Feb 15, 2016","4.79","4.98","4.98","4.95","0.02K","-5.15%"
"Feb 12, 2016","5.05","4.96","5.28","4.96","3.08K","6.77%"
"Feb 11, 2016","4.73","4.63","4.63","4.63","0.01K","-2.87%"
"Feb 10, 2016","4.87","5.00","5.04","4.83","1.17K","-1.62%"
"Feb 09, 2016","4.95","5.15","5.15","5.15","0.01K","-5.35%"
"Feb 08, 2016","5.23","5.20","5.20","5.20","0.01K","-5.60%"
"Feb 05, 2016","5.54","5.68","5.78","5.66","1.77K","-1.07%"
"Feb 04, 2016","5.60","5.60","5.60","5.60","0.01K","-0.18%"
"Feb 03, 2016","5.61","6.00","6.00","5.75","0.42K","-3.44%"
"Feb 02, 2016","5.81","5.62","5.62","5.62","0.04K","2.29%"
"Feb 01, 2016","5.68","5.85","5.85","5.81","0.02K","-5.96%"
"Jan 29, 2016","6.04","6.25","6.31","6.23","4.66K","-0.33%"
"Jan 28, 2016","6.06","6.22","6.39","6.15","1.18K","2.71%"
"Jan 27, 2016","5.90","6.20","6.23","6.05","1.60K","-2.80%"
"Jan 26, 2016","6.07","5.90","6.30","5.86","0.86K","3.41%"
"Jan 25, 2016","5.87","5.95","5.95","5.90","0.88K","-7.12%"
"Jan 22, 2016","6.32","6.67","6.70","6.55","0.08K","2.43%"
"Jan 21, 2016","6.17","6.53","6.53","6.13","1.21K","-2.22%"
"Jan 20, 2016","6.31","6.61","6.61","6.58","0.01K","-7.34%"
"Jan 19, 2016","6.81","7.17","7.17","7.09","0.51K","1.49%"
"Jan 18, 2016","6.71","6.55","6.55","6.55","0.01K","0.60%"
"Jan 15, 2016","6.67","7.00","7.00","6.73","0.01K","-5.79%"
"Jan 14, 2016","7.08","7.35","7.39","7.31","1.06K","-2.21%"
"Jan 13, 2016","7.24","7.53","7.55","7.53","1.50K","1.97%"
"Jan 12, 2016","7.10","7.35","7.46","7.26","3.00K","-0.28%"
"Jan 11, 2016","7.12","7.70","7.82","7.40","0.47K","-3.91%"
"Jan 08, 2016","7.41","7.82","7.92","7.71","0.81K","-1.72%"
"Jan 07, 2016","7.54","7.97","8.07","7.70","0.11K","-2.58%"
"Jan 06, 2016","7.74","8.02","8.03","7.93","0.16K","-3.13%"
"Jan 05, 2016","7.99","8.06","8.06","8.06","0.01K","-0.62%"
"Jan 04, 2016","8.04","8.52","8.53","8.37","0.18K","-2.19%"
"Dec 31, 2015","8.22","8.53","8.53","8.53","0.63K","0.12%"
"Dec 30, 2015","8.21","8.52","8.57","8.52","0.09K","-0.73%"
"Dec 29, 2015","8.27","8.59","8.60","8.59","0.04K","-0.48%"
"Dec 28, 2015","8.31","8.55","8.57","8.55","0.03K","1.47%"
"Dec 24, 2015","8.19","8.49","8.49","8.49","0.01K","-0.36%"
"Dec 23, 2015","8.22","8.57","8.57","8.57","0.05K","-0.36%"
"Dec 22, 2015","8.25","8.51","8.58","8.51","0.15K","0.73%"
"Dec 21, 2015","8.19","8.34","8.42","8.34","0.18K","1.61%"
"Dec 18, 2015","8.06","8.35","8.36","8.30","0.54K","-0.12%"
"Dec 17, 2015","8.07","8.12","8.12","8.12","0.30K","-0.74%"
"Dec 16, 2015","8.13","8.52","8.53","8.48","0.46K","-0.73%"
"Dec 15, 2015","8.19","8.35","8.51","8.34","0.47K","1.49%"
"Dec 14, 2015","8.07","7.99","8.08","7.90","23.52K","0.00%"
"Dec 11, 2015","8.07","8.33","8.34","7.93","24.79K","-3.47%"
"Dec 10, 2015","8.36","8.43","8.43","8.29","35.11K","-0.48%"
"Dec 09, 2015","8.40","8.43","8.44","8.33","17.27K","-0.12%"
"Dec 08, 2015","8.41","8.44","8.44","8.35","25.72K","0.00%"
"Dec 07, 2015","8.41","8.52","8.53","8.40","28.90K","-1.29%"
"Dec 04, 2015","8.52","8.55","8.65","8.50","36.04K","-0.81%"
"Dec 03, 2015","8.59","8.47","8.61","8.42","22.65K","1.30%"
"Dec 02, 2015","8.48","8.56","8.57","8.47","20.93K","-0.93%"
"Dec 01, 2015","8.56","8.56","8.59","8.49","11.41K","-0.23%"
"Nov 30, 2015","8.58","8.89","8.92","8.89","0.33K","0.00%"
"Nov 27, 2015","8.58","8.56","8.56","8.56","0.01K","0.00%"
"Nov 26, 2015","8.58","8.94","8.95","8.90","0.52K","-0.46%"
"Nov 25, 2015","8.62","8.95","8.95","8.90","0.20K","-0.35%"
"Nov 24, 2015","8.65","8.62","8.62","8.62","0.00K","1.05%"
"Nov 23, 2015","8.56","8.83","8.83","8.78","0.29K","0.59%"
"Nov 20, 2015","8.51","8.90","8.90","8.83","0.39K","-1.39%"
"Nov 19, 2015","8.63","8.89","8.89","8.89","0.35K","0.58%"
"Nov 18, 2015","8.58","8.55","8.55","8.55","0.01K","-0.35%"
"Nov 17, 2015","8.61","8.79","8.79","8.77","0.09K","0.94%"
"Nov 16, 2015","8.53","8.38","8.40","8.38","0.02K","1.67%"
"Nov 13, 2015","8.39","8.68","8.68","8.66","0.21K","0.24%"
"Nov 12, 2015","8.37","8.67","8.70","8.66","0.11K","-0.83%"
"Nov 11, 2015","8.44","8.75","8.77","8.68","0.24K","0.00%"
"Nov 10, 2015","8.44","8.64","8.73","8.59","0.20K","1.56%"
"Nov 09, 2015","8.31","8.66","8.69","8.65","0.20K","-1.07%"
"Nov 06, 2015","8.40","8.79","8.79","8.76","0.24K","-0.71%"
"Nov 05, 2015","8.46","8.72","8.78","8.72","0.81K","0.83%"
"Nov 04, 2015","8.39","8.48","8.48","8.48","0.01K","-0.59%"
"Nov 03, 2015","8.44","8.50","8.50","8.50","0.01K","-1.75%"
"Nov 02, 2015","8.59","8.89","8.90","8.89","1.75K","-0.46%"
"Oct 30, 2015","8.63","8.94","8.95","8.94","0.01K","-0.46%"
"Oct 29, 2015","8.67","8.93","8.98","8.93","0.12K","1.29%"
"Oct 28, 2015","8.56","8.87","8.87","8.87","0.10K","-0.47%"
"Oct 27, 2015","8.60","8.93","8.94","8.92","2.27K","-0.58%"
"Oct 26, 2015","8.65","8.56","8.56","8.56","0.01K","0.35%"
"Oct 23, 2015","8.62","8.53","8.53","8.53","0.00K","1.77%"
"Oct 22, 2015","8.47","8.46","8.46","8.46","0.03K","0.36%"
"Oct 21, 2015","8.44","8.78","8.78","8.78","0.10K","-0.24%"
"Oct 20, 2015","8.46","8.72","8.75","8.72","0.05K","1.44%"
"Oct 19, 2015","8.34","8.64","8.64","8.64","4.03K","-0.48%"
"Oct 16, 2015","8.38","8.72","8.72","8.72","0.25K","-0.36%"
"Oct 15, 2015","8.41","8.47","8.47","8.47","0.01K","-0.12%"
"Oct 14, 2015","8.42","8.65","8.69","8.63","0.27K","1.20%"
"Oct 13, 2015","8.32","8.66","8.66","8.66","0.02K","0.48%"
"Oct 12, 2015","8.28","8.32","8.32","8.32","0.01K","-0.60%"
"Oct 09, 2015","8.33","8.44","8.66","8.44","0.25K","2.71%"
"Oct 08, 2015","8.11","8.43","8.43","8.42","0.22K","0.25%"
"Oct 07, 2015","8.09","8.51","8.51","8.46","1.05K","-1.34%"
"Oct 06, 2015","8.20","8.49","8.51","8.48","0.09K","0.12%"
"Oct 05, 2015","8.19","8.51","8.51","8.51","0.35K","0.74%"
"Oct 02, 2015","8.13","8.15","8.15","8.15","0.01K","-0.25%"
"Oct 01, 2015","8.15","8.49","8.53","8.49","1.01K","0.25%"
"Sep 30, 2015","8.13","8.09","8.09","8.09","0.00K","2.14%"
"Sep 29, 2015","7.96","8.27","8.27","8.27","0.45K","0.76%"
"Sep 28, 2015","7.90","7.96","7.96","7.90","0.58K","-1.00%"
"Sep 25, 2015","7.98","7.99","7.99","7.96","0.61K","-0.13%"
"Sep 24, 2015","7.99","8.33","8.33","8.33","0.17K","-0.75%"
"Sep 23, 2015","8.05","8.39","8.39","8.39","0.08K","0.63%"
"Sep 22, 2015","8.00","8.01","8.01","7.98","0.07K","0.50%"
"Sep 21, 2015","7.96","8.08","8.08","8.06","0.02K","-1.61%"
"Sep 18, 2015","8.09","8.13","8.13","8.13","0.01K","-1.46%"
"Sep 17, 2015","8.21","8.53","8.53","8.52","0.12K","0.00%"
"Sep 16, 2015","8.21","8.50","8.56","8.49","1.71K","0.74%"
"Sep 15, 2015","8.15","8.52","8.53","8.51","2.90K","-0.73%"
"Sep 14, 2015","8.21","8.23","8.23","8.23","0.04K","-0.36%"
"Sep 11, 2015","8.24","8.23","8.23","8.21","0.15K","-0.24%"
"Sep 10, 2015","8.26","8.27","8.27","8.23","0.01K","0.12%"
"Sep 09, 2015","8.25","8.27","8.27","8.27","0.01K","0.36%"
"Sep 08, 2015","8.22","8.10","8.10","8.10","0.01K","1.99%"
"Sep 07, 2015","8.06","8.41","8.41","8.41","1.54K","-0.12%"
"Sep 04, 2015","8.07","8.43","8.44","8.43","0.32K","-0.98%"
"Sep 03, 2015","8.15","8.15","8.15","8.07","0.01K","0.62%"
"Sep 02, 2015","8.10","8.00","8.10","8.00","0.02K","1.38%"
"Sep 01, 2015","7.99","7.99","7.99","7.99","0.10K","-0.75%"
"Aug 31, 2015","8.05","8.46","8.48","8.43","0.20K","-0.49%"
"Aug 28, 2015","8.09","8.03","8.03","8.03","0.02K","0.75%"
"Aug 27, 2015","8.03","8.13","8.13","8.04","0.14K","-0.62%"
"Aug 26, 2015","8.08","8.61","8.61","8.55","0.14K","-1.82%"
"Aug 25, 2015","8.23","8.58","8.58","8.58","1.95K","0.98%"
"Aug 24, 2015","8.15","8.13","8.13","8.13","0.17K","-0.37%"
"Aug 21, 2015","8.18","8.18","8.18","8.18","0.01K","-1.92%"
"Aug 20, 2015","8.34","8.67","8.67","8.66","0.09K","0.24%"
"Aug 19, 2015","8.32","8.64","8.66","8.64","0.01K","0.85%"
"Aug 18, 2015","8.25","8.55","8.61","8.55","0.05K","0.36%"
"Aug 17, 2015","8.22","8.25","8.29","8.25","0.03K","-0.96%"
"Aug 14, 2015","8.30","8.16","8.16","8.16","0.03K","1.59%"
"Aug 13, 2015","8.17","8.21","8.21","8.21","0.03K","0.00%"
"Aug 12, 2015","8.17","8.15","8.15","8.15","0.03K","1.24%"
"Aug 11, 2015","8.07","7.93","7.93","7.93","0.01K","2.15%"
"Aug 10, 2015","7.90","8.25","8.25","8.25","1.53K","1.80%"
"Aug 07, 2015","7.76","7.80","7.80","7.80","0.00K","-0.77%"
"Aug 06, 2015","7.82","8.17","8.17","8.17","1.23K","0.13%"
"Aug 05, 2015","7.81","7.85","7.85","7.85","0.10K","-0.89%"
"Aug 04, 2015","7.88","7.95","7.95","7.95","0.09K","-0.63%"
"Aug 03, 2015","7.93","7.91","7.95","7.91","0.04K","1.02%"
"Jul 31, 2015","7.85","8.21","8.21","8.21","0.00K","-0.13%"
"Jul 30, 2015","7.86","8.04","8.04","7.87","0.05K","-2.24%"
"Jul 29, 2015","8.04","8.40","8.40","8.40","0.30K","0.50%"
"Jul 28, 2015","8.00","7.94","7.94","7.94","0.02K","0.00%"
"Jul 27, 2015","8.00","7.97","7.97","7.97","0.02K","0.25%"
"Jul 24, 2015","7.98","8.44","8.44","8.40","0.06K","-0.87%"
"Jul 23, 2015","8.05","8.43","8.43","8.39","0.30K","1.39%"
"Jul 22, 2015","7.94","8.25","8.25","8.25","0.35K","0.00%"
"Jul 21, 2015","7.94","8.32","8.32","8.31","0.22K","-0.25%"
"Jul 20, 2015","7.96","8.17","8.25","8.17","2.32K","3.11%"
"Jul 17, 2015","7.72","7.67","7.67","7.65","0.01K","1.05%"
"Jul 16, 2015","7.64","7.70","7.70","7.70","0.00K","-1.29%"
"Jul 15, 2015","7.74","7.77","7.77","7.76","0.03K","0.39%"
"Jul 14, 2015","7.71","7.77","7.81","7.77","0.03K","-0.77%"
"Jul 13, 2015","7.77","7.65","7.65","7.65","0.02K","2.37%"
"Jul 10, 2015","7.59","7.90","7.90","7.90","1.95K","1.74%"
"Jul 09, 2015","7.46","7.80","7.80","7.80","0.70K","0.40%"
"Jul 08, 2015","7.43","7.76","7.76","7.76","2.76K","-0.13%"
"Jul 07, 2015","7.44","7.77","7.77","7.77","0.31K","1.09%"
"Jul 06, 2015","7.36","7.39","7.39","7.33","0.06K","-0.81%"
"Jul 03, 2015","7.42","7.77","7.77","7.77","1.85K","-0.13%"
"Jul 02, 2015","7.43","7.47","7.47","7.47","0.01K","-0.54%"
"Jul 01, 2015","7.47","7.81","7.81","7.81","0.15K","0.67%"
"Jun 30, 2015","7.42","7.36","7.36","7.36","0.02K","1.23%"
"Jun 29, 2015","7.33","7.30","7.38","7.30","1.09K","-2.53%"
"Jun 26, 2015","7.52","7.91","7.91","7.91","0.31K","-0.79%"
"Jun 25, 2015","7.58","7.55","7.55","7.55","0.52K","1.34%"
"Jun 24, 2015","7.48","7.51","7.51","7.51","4.32K","0.00%"
"Jun 23, 2015","7.48","7.83","7.85","7.80","0.25K","0.27%"
"Jun 22, 2015","7.46","7.47","7.47","7.47","0.05K","0.67%"
"Jun 19, 2015","7.41","7.43","7.43","7.40","0.12K","-0.54%"
"Jun 18, 2015","7.45","7.47","7.47","7.47","0.01K","-0.13%"
"Jun 17, 2015","7.46","7.47","7.47","7.44","0.06K","0.67%"
"Jun 16, 2015","7.41","7.47","7.47","7.46","0.10K","-1.33%"
"Jun 15, 2015","7.51","7.57","7.57","7.57","1.54K","-1.31%"
"Jun 12, 2015","7.61","7.53","7.55","7.53","0.95K","1.47%"
"Jun 11, 2015","7.50","7.55","7.55","7.55","0.05K","-1.06%"
"Jun 10, 2015","7.58","7.54","7.60","7.54","0.28K","0.26%"
"Jun 09, 2015","7.56","7.51","7.51","7.51","4.62K","1.61%"
"Jun 08, 2015","7.44","7.82","7.82","7.82","0.11K","0.54%"
"Jun 05, 2015","7.40","7.46","7.46","7.46","0.06K","0.14%"
"Jun 04, 2015","7.39","7.50","7.50","7.41","0.08K","-1.20%"
"Jun 03, 2015","7.48","7.50","7.53","7.50","0.10K","0.54%"
"Jun 02, 2015","7.44","7.36","7.36","7.36","0.98K","2.76%"
"Jun 01, 2015","7.24","7.25","7.25","7.25","0.01K","-1.09%"
"May 29, 2015","7.32","7.29","7.29","7.29","1.05K","1.95%"
"May 28, 2015","7.18","7.17","7.20","7.17","0.07K","0.14%"
"May 27, 2015","7.17","7.18","7.18","7.18","0.05K","-0.69%"
"May 26, 2015","7.22","7.37","7.37","7.37","0.04K","-1.90%"
"May 25, 2015","7.36","7.37","7.37","7.37","0.04K","0.82%"
"May 22, 2015","7.30","7.27","7.27","7.27","0.04K","0.00%"
"May 21, 2015","7.30","7.36","7.38","7.32","0.02K","-0.68%"
"May 20, 2015","7.35","7.49","7.49","7.49","0.04K","-0.27%"
"May 19, 2015","7.37","7.55","7.55","7.55","0.04K","-3.03%"
"May 18, 2015","7.60","7.53","7.53","7.53","0.00K","0.13%"
"May 15, 2015","7.59","7.98","7.98","7.98","2.54K","0.53%"
"May 14, 2015","7.55","8.06","8.06","8.06","0.03K","-1.18%"
"May 13, 2015","7.64","7.60","7.60","7.60","0.00K","0.66%"
"May 12, 2015","7.59","7.68","7.68","7.63","0.50K","-0.39%"
"May 11, 2015","7.62","7.54","7.60","7.51","0.59K","1.20%"
"May 08, 2015","7.53","7.92","7.93","7.92","0.04K","1.35%"
"May 07, 2015","7.43","7.84","7.84","7.84","0.15K","-1.33%"
"May 06, 2015","7.53","7.67","7.67","7.62","0.03K","-0.26%"
"May 05, 2015","7.55","7.54","7.56","7.54","0.01K","-0.40%"
"May 04, 2015","7.58","7.55","7.55","7.55","0.01K","1.34%"
"May 01, 2015","7.48","7.89","7.89","7.89","0.63K","1.22%"
"Apr 30, 2015","7.39","7.50","7.50","7.50","0.02K","-0.94%"
"Apr 29, 2015","7.46","7.35","7.35","7.35","0.00K","1.50%"
"Apr 28, 2015","7.35","7.15","7.31","7.15","0.03K","2.80%"
"Apr 27, 2015","7.15","7.30","7.35","7.30","0.40K","-1.79%"
"Apr 24, 2015","7.28","7.26","7.32","7.26","0.03K","0.41%"
"Apr 23, 2015","7.25","7.06","7.11","7.06","1.33K","2.26%"
"Apr 22, 2015","7.09","7.10","7.10","7.09","0.08K","0.14%"
"Apr 21, 2015","7.08","7.10","7.10","7.10","0.48K","-0.70%"
"Apr 20, 2015","7.13","7.29","7.49","7.29","1.48K","4.24%"
"Apr 17, 2015","6.84","6.86","6.86","6.83","0.56K","-0.44%"
"Apr 16, 2015","6.87","6.86","6.89","6.86","0.01K","0.29%"
"Apr 15, 2015","6.85","7.25","7.25","7.25","0.14K","0.74%"
"Apr 14, 2015","6.80","6.84","6.85","6.84","0.18K","0.00%"
"Apr 13, 2015","6.80","6.92","6.92","6.80","0.04K","-2.02%"
"Apr 10, 2015","6.94","6.98","6.99","6.97","1.88K","-1.00%"
"Apr 09, 2015","7.01","7.11","7.11","7.06","0.55K","-1.54%"
"Apr 08, 2015","7.12","7.11","7.15","7.11","0.03K","0.14%"
"Apr 07, 2015","7.11","7.14","7.14","7.10","0.01K","-0.56%"
"Apr 02, 2015","7.15","7.17","7.19","7.17","0.00K","0.14%"
"Apr 01, 2015","7.14","7.03","7.08","7.03","0.01K","3.18%"
"Mar 31, 2015","6.92","6.93","6.93","6.91","0.24K","0.58%"
"Mar 30, 2015","6.88","6.79","6.92","6.79","0.20K","1.78%"
"Mar 27, 2015","6.76","7.40","7.41","7.40","0.28K","-2.73%"
"Mar 26, 2015","6.95","6.99","6.99","6.99","0.02K","-0.29%"
"Mar 25, 2015","6.97","7.03","7.05","6.80","0.10K","-0.85%"
"Mar 24, 2015","7.03","7.03","7.03","7.03","0.03K","-0.14%"
"Mar 23, 2015","7.04","6.97","7.07","6.92","3.62K","0.00%"
"Mar 20, 2015","7.04","6.67","6.95","6.63","23.48K","5.55%"
"Mar 19, 2015","6.67","6.76","6.76","6.67","12.23K","-1.04%"
"Mar 18, 2015","6.74","6.69","6.81","6.65","1.28K","0.15%"
"Mar 17, 2015","6.73","6.46","6.75","6.40","1.96K","3.70%"
"Mar 16, 2015","6.49","6.39","6.51","6.36","2.00K","0.46%"
"Mar 13, 2015","6.46","6.36","6.50","6.23","1.82K","0.78%"
"Mar 12, 2015","6.41","6.70","6.70","6.39","2.36K","-5.18%"
"Mar 11, 2015","6.76","6.77","6.80","6.74","0.73K","-0.88%"
"Mar 10, 2015","6.82","6.66","6.82","6.58","0.67K","2.10%"
"Mar 09, 2015","6.68","6.74","6.74","6.64","1.46K","-1.76%"
"Mar 06, 2015","6.80","6.71","6.84","6.66","3.44K","0.74%"
"Mar 05, 2015","6.75","7.02","7.02","6.69","0.73K","-3.85%"
"Mar 04, 2015","7.02","6.65","7.03","6.62","1.20K","4.31%"
"Mar 03, 2015","6.73","6.85","6.87","6.73","0.53K","-3.17%"
"Mar 02, 2015","6.95","7.01","7.01","6.87","0.68K","-2.11%"
"Feb 27, 2015","7.10","7.04","7.11","6.93","0.76K","0.57%"
"Feb 26, 2015","7.06","7.30","7.33","7.02","0.27K","-4.47%"
"Feb 25, 2015","7.39","7.63","7.66","7.40","15.72K","-1.07%"
"Feb 24, 2015","7.47","7.73","7.73","7.29","0.39K","-2.99%"
"Feb 23, 2015","7.70","7.20","7.74","7.19","1.42K","5.19%"
"Feb 20, 2015","7.32","7.36","7.38","7.30","0.36K","-0.27%"
"Feb 19, 2015","7.34","7.39","7.40","7.35","0.36K","-2.00%"
"Feb 18, 2015","7.49","7.45","7.56","7.36","0.11K","0.27%"
"Feb 17, 2015","7.47","7.60","7.60","7.47","0.04K","-2.35%"
"Feb 16, 2015","7.65","7.59","7.79","7.59","0.14K","0.26%"
"Feb 13, 2015","7.63","7.36","7.59","7.33","0.40K","3.25%"
"Feb 12, 2015","7.39","7.33","7.39","7.16","0.56K","2.21%"
"Feb 11, 2015","7.23","7.19","7.19","7.16","0.06K","1.83%"
"Feb 10, 2015","7.10","6.89","7.06","6.86","0.08K","2.75%"
"Feb 09, 2015","6.91","6.87","6.88","6.81","0.08K","-0.58%"
"Feb 06, 2015","6.95","6.93","6.93","6.88","0.27K","-0.71%"
"Feb 05, 2015","7.00","6.92","6.94","6.92","2.34K","1.01%"
"Feb 04, 2015","6.93","6.99","6.99","6.85","0.03K","-1.84%"
"Feb 03, 2015","7.06","7.09","7.09","7.08","0.17K","-0.98%"
"Feb 02, 2015","7.13","7.08","7.12","7.08","0.03K","0.71%"
"Jan 30, 2015","7.08","6.97","7.09","6.97","1.46K","0.28%"
"Jan 29, 2015","7.06","6.95","7.09","6.95","0.44K","1.58%"
"Jan 28, 2015","6.95","6.81","6.81","6.81","0.28K","1.61%"
"Jan 27, 2015","6.84","6.83","6.83","6.83","0.30K","-0.15%"
"Jan 26, 2015","6.85","6.82","6.82","6.77","0.00K","0.74%"
"Jan 23, 2015","6.80","6.91","6.92","6.80","1.90K","0.59%"
"Jan 22, 2015","6.76","7.34","7.34","6.77","3.35K","-7.65%"
"Jan 21, 2015","7.32","7.30","7.34","7.30","10.07K","2.23%"
"Jan 20, 2015","7.16","7.10","7.10","7.10","0.10K","-0.69%"
"Jan 19, 2015","7.21","7.07","7.22","7.03","0.20K","1.12%"
"Jan 16, 2015","7.13","7.13","7.13","7.11","1.83K","0.14%"
"Jan 15, 2015","7.12","7.17","7.17","7.07","1.21K","-0.56%"
"Jan 14, 2015","7.16","7.20","7.23","7.20","0.49K","-1.78%"
"Jan 13, 2015","7.29","6.86","7.31","6.86","0.88K","8.64%"
"Jan 12, 2015","6.71","6.65","6.65","6.63","0.04K","0.00%"
"Jan 09, 2015","6.71","6.71","6.71","6.71","0.56K","-1.47%"
"Jan 08, 2015","6.81","6.70","6.70","6.70","1.00K","0.44%"
"Jan 07, 2015","6.78","6.71","6.71","6.66","0.46K","0.15%"
"Jan 06, 2015","6.77","6.80","6.84","6.70","0.59K","-1.88%"
"Jan 05, 2015","6.90","6.92","6.92","6.90","0.09K","-1.57%"
"Jan 02, 2015","7.01","7.66","7.71","7.66","0.04K","-3.31%"